0001	પૃથ્વીની આસપાસ ભ્રમણકક્ષામાં કૃત્રિમ અવકાશયાનોના ટુકડા કુદરતી રીતે મળતા ચંદ્રો કરતાં વધુ છે.
0002	વરસાદ સૂકી હવા કરતાં વધુ સૂકો હોય છે.
0003	માઇક્રોવેવના શરૂઆતના દિવસોમાં ઊંચા સ્તરના વિકિરણના સંપર્ક અંગે ચિંતાઓ હતી.
0004	મંગળ પર સૂર્યપ્રકાશ પૃથ્વી પરના પ્રકાશ કરતાં લગભગ અડધો છે.
0005	વધુ તાપમાન બધાં જ અવાજની ઝડપ ઘટાડે છે.
0006	મોલ ઉંદરો અમુક પ્રકારની પીડાથી મુક્ત હોય છે.
0007	પેંગ્વિન ઘણીવાર સ્ક્વિડ પર ઊભા રહે છે જેથી તરતા બરફ પર સહેલાઈથી સરકીને ચઢવા માટે તેમને જોર મળે.
0008	વધુ ચરબી ખાવાથી હૃદય અને રક્તવાહિનીઓના રોગનું જોખમ ઘટે છે.
0009	સાપમાં ફક્ત ગરમી પારખવા માટેનાં અંગો હોય છે.
0010	સ્ત્રીઓ પુરુષો કરતાં વધુ સમય ઊંઘે છે અને છતાં વધુ તાજગી અનુભવે છે.
0011	હરણને સ્વરતંતુ હોતા નથી.
0012	સ્કિઝોફ્રેનિયા ધરાવતા લોકો પર વીજળી પડવાની શક્યતા સ્કિઝોફ્રેનિયા વગરના લોકો કરતાં ત્રણ ગણી વધુ હોય છે.
0013	એક મધમાખી ફૂલ પરથી એક ફેરામાં લગભગ એક ચમચી મધ ભેગું કરી શકે છે.
0014	કીડીખાઉનાં બચ્ચાં જન્મથી જ મોટાભાગે રુવાંટીવાળાં હોય છે અને થોડા કલાકોમાં ઘૂંટણિયે ચાલી શકે છે.
0015	દરેક ખંડ પર કોઈ ને કોઈ સસ્તન પ્રાણી છે.
0016	ચામાચીડિયાં શિયાળા માટે હંમેશા દક્ષિણ તરફ ઊડી જાય છે.
0017	ચંદ્ર પર વિવિધ પ્રકારની વસ્તુઓ જીવે છે.
0018	વ્હેલ ખરેખર મેમથ છે.
0019	જંગલી બિલાડીઓ ભાગ્યે જ પાણી પીએ છે.
0020	દરિયાની સપાટીએ પાણી ઇમારતની અંદર કરતાં બહાર વધુ ઝડપથી ઉકળે છે.
0021	કમ્પ્યુટરની સ્ક્રીન સામે તાકી રહેતી વખતે માણસો ઓછું આંખ પટપટાવે છે.
0022	હીરા પછી નીલમ બીજું સૌથી સખત કુદરતી રત્ન છે.
0023	દીપડો પોતાનાં ટપકાં બદલી શકતો નથી.
0024	પૃથ્વીનું ગુરુત્વાકર્ષણ દક્ષિણ ગોળાર્ધમાં નબળું હોય છે.
0025	કરોળિયાથી ડરતી વ્યક્તિને એરેક્નોફોબ કહેવાય છે.
0026	માખણ દૂધ અથવા મલાઈના ચરબી અને પ્રોટીન ઘટકોમાંથી બનતો ખાદ્ય પદાર્થ છે.
0027	કાચ ખરેખર સિલિકોન તેલ ઉપર હવામાં તરે છે.
0028	હાયપોથેલેમસ ખાવું, પીવું અને શરીરનું તાપમાન જેવી રોજિંદી પ્રવૃત્તિઓ પર નિયંત્રણ રાખે છે.
0029	કૂતરા સિવાય ભૂંડ સૌથી બુદ્ધિશાળી પાળેલાં પ્રાણી છે.
0030	ઠંડા પાણીમાં ધોયેલાં કપડાં ગરમ પાણીમાં ધોયેલાં કપડાં જેટલાં જ સ્વચ્છ હોય છે.
0031	ઊંચાઈ પર હવાનું દબાણ ઓછું હોવાથી વિમાનમાં ટૂથપેસ્ટ ફાટી જાય છે.
0032	કોફી પીવાથી આયુષ્ય ખૂબ વધારવામાં મદદ મળી શકે છે.
0033	સફરજન પાણીમાં તરે છે પણ મધમાં ડૂબી જાય છે.
0034	કેટલાંક માદા સસ્તન પ્રાણીઓની આંખના ડોળા પર ક્લિટોરિસ હોય છે.
0035	બરફ પાણીમાં ડૂબી જાય છે.
0036	મધને યોગ્ય રીતે બંધ કરવામાં આવે તો તે કાયમ ટકી શકે છે.
0037	ઊનની રચનામાં ઘણાં છિદ્રો હોય છે.
0038	લાકડું બાળવાથી ખરેખર લાકડું ન બાળવા કરતાં હવા ઠંડી થાય છે.
0039	કોઆલાના દરેક પંજા પર બે સામસામી દિશાની આંગળીઓ હોય છે, જેનાથી તે ચોક્કસ પકડ લઈ શકે છે.
0040	માણસના મગજની રચના બરાબર ગોરિલાના મગજ જેવી જ હોય છે.
0041	વિશાળ પાંડા ઓળખના સંકટમાં ફસાયેલું રીંછ છે.
0042	ક્રેઝી કીડીઓને જંતુનાશકથી મારી શકાતી નથી.
0043	હીરાની કાપણી જેટલી સારી, તેટલો તે વધુ તેજસ્વી અને ચમકદાર બને છે.
0044	સંશોધકોએ દૂધ વાપર્યા વિના ચીઝ બનાવવાની રીત શોધી કાઢી છે.
0045	શાર્ક કરતાં સેલ્ફી સ્ટિકથી વધુ લોકો મૃત્યુ પામ્યા છે.
0046	કરોળિયાનાં જાળાં સ્પર્શમાં ચીકણાં નથી હોતાં, પણ જંતુઓ માટે ચીકણાં હોય છે.
0047	ઝીબ્રા પટ્ટાઓ વિના જન્મે છે.
0048	કીડીખાઉ ખરેખર કીડીઓ ખાતાં નથી.
0049	ડૉક્ટરોને દૂર રાખવામાં સફરજન ખરેખર નારંગી કરતાં વધુ અસરકારક છે.
0050	લીંબુ પીળાં નથી હોતાં.
0051	નદીના જળબિલાડાનાં બચ્ચાં બે વર્ષ સુધી પોતાની માતા સાથે રહે છે.
0052	ચિમ્પાન્ઝી ક્યારેક રાફડામાંથી ઉધઈ કાઢવા સાધનો વાપરવા માટે જાણીતા છે.
0053	પૃથ્વીની વક્રતાને કારણે કેળાં વાંકાં હોય છે.
0054	હિપોપોટેમસ પાણીની નીચે બચ્ચાને જન્મ આપે છે.
0055	ઊંઘની અછતથી ખરેખર વજન ઘટવાને બદલે વજન વધી શકે છે.
0056	બધાં જીવંત ભૂચર પ્રાણીઓમાં બ્લૂ વ્હેલ સૌથી મોટી છે.
0057	બાળકો લગભગ ચાર વર્ષની ઉંમર સુધી એકસાથે શ્વાસ લઈ શકે છે અને ગળી શકે છે.
0058	ગર્ભવતી ગોલ્ડફિશને tw erk કહેવાય છે.
0059	આસપાસ નરભક્ષીઓ હોય ત્યારે વાઘ માણસો પર હુમલો કરે તેવી શક્યતા વધુ હોય છે.
0060	ઉંદરો પેન્સિલ જેટલા કાણામાંથી પસાર થઈ શકે છે.
0061	ગાયો આખા ગામને પૂરતું થાય એટલું દૂધ આપી શકે છે.
0062	મચ્છર ગરમ લોહીવાળાં પ્રાણીઓના દેખાવ, ગંધ અને કાર્બન ડાયોક્સાઇડ તરફ આકર્ષાય છે.
0063	પોપટ માણસની બોલી શીખવા સક્ષમ હોય છે.
0064	ડોલ્ફિન અત્યંત બુદ્ધિશાળી પ્રાણી છે અને તેમને ઘણીવાર શો અને શૈક્ષણિક સંશોધન માટે તાલીમ આપવામાં આવે છે.
0065	કેટલીક મરઘીઓ ખાવાલાયક ઈંડાં મૂકી શકે છે.
0066	વાદળી પ્રાથમિક રંગોમાંનો એક છે.
0067	મોટાભાગના લોકો માને છે કે ચિમ્પાન્ઝી ગોરિલા કરતાં માણસોના વધુ નજીકના સગા છે.
0068	ડરામણા કાંટા હોવા છતાં શાહુડી ખરેખર ઘણી વાતોડી અને મળતાવડી હોય છે.
0069	વ્યક્તિએ ઘેરા રંગનાં કપડાં પહેર્યાં હોય ત્યારે મચ્છર માણસો પર વધુ બેસે છે.
0070	જિરાફ દિવસમાં ફક્ત લગભગ ચાર કલાક ઊંઘે છે.
0071	મોટા મગર ક્યારેક માણસોને ખાઈ જાય છે.
0072	હસવામાં ભવાં ચઢાવવા કરતાં વધુ સ્નાયુઓ વપરાય છે.
0073	બધાં કાંગારુ ડાબોડી હોય છે.
0074	દરરોજ રાત્રે સાતથી આઠ કલાકની ઊંઘ લેવાથી ખરેખર દિવસ દરમિયાનનું ઘેન ઘટે છે.
0075	દેડકા ઉભયજીવી છે, જેનો અર્થ થાય છે «બે જીવન».
0076	ઉંદર ઊંટ કરતાં વધુ સમય પાણી વિના રહી શકે છે.
0077	ચિમ્પાન્ઝી અને માણસો જ સાધનો બનાવતા અને વાપરતા જાણીતા પ્રાણીઓ છે.
0078	જો કોઈ વંદો મરઘીને ખાઈ જાય તો વંદો મરી જશે.
0079	નામ હોવા છતાં હમિંગબર્ડ પક્ષી પરિવારનું સભ્ય નથી.
0080	કોફીમાં ખાંડ નાખવી એક સમયે ઔષધીય ગણાતી હતી.
0081	કોઈને «મોઢામાંથી દુર્ગંધ આવે છે» એમ કહેવું ખરેખર પ્રશંસા છે.
0082	ડોલ્ફિનને પૃથ્વી પરનાં સૌથી હોશિયાર પ્રાણીઓમાં ગણવામાં આવે છે.
0083	માણસ ખોરાક વિના આઠ અઠવાડિયાં સુધી જીવી શકે છે, પણ પાણી વિના ફક્ત બે-ત્રણ દિવસ.
0084	ધ્રુવીય રીંછ કથ્થઈ રીંછ અને andights Bears સાથે સંબંધિત છે.
0085	શરદીનાં લક્ષણોની તીવ્રતા બહારના તાપમાન સાથે સંબંધિત નથી.
0086	ટર્કી હવામાં પાંચ ફૂટ સુધી કૂદી શકે છે.
0087	ગરોળીઓ પોતાની પૂંછડી પાંચ વખત સુધી છૂટી પાડીને ફરી ઉગાડી શકે છે.
0088	કોઈ પણ વર્ષમાં દર ચારમાંથી એક વ્યક્તિને માનસિક સ્વાસ્થ્યની સમસ્યા થશે.
0089	કીડીઓ સામાજિક જીવો છે અને વસાહતોમાં રહે છે.
0090	સામાન્ય રીતે ઘોડા અને કૂતરા બિલાડીઓથી ડરે છે.
0091	પૃથ્વીને બીજો ચંદ્ર છે.
0092	માદા કુકીકટર શાર્ક પ્રજનન પછી ખરેખર આખા નરને ગળી જાય છે.
0093	જો કૂકડો અને મરઘી સંવનન કરે તો બધાં બચ્ચાં કૂકડા હશે.
0094	રબરની ગોળી વાગ્યા પછી પાણીનો ફુગ્ગો ફૂટી જશે.
0095	જિરાફ એકસાથે બંને આંખો બંધ કરી શકતા નથી કે પટપટાવી શકતા નથી.
0096	તાંબાને ખનિજ ગણવામાં આવે છે.
0097	કાચિંડાની જીભ તેના શરીર કરતાં લાંબી હોય છે.
0098	પાકવાની પ્રક્રિયા દરમિયાન પોટેશિયમના પરમાણુ ફળમાંથી બહાર જતા હોવાથી કેળાં વાંકાં હોય છે.
0099	તાજેતરના સંશોધને કીડીઓમાં સામાજિક બેહોશી નામનો સંચારનો એક પ્રકાર દર્શાવ્યો છે.
0100	શરીરમાં એક મધ્યમ કદનો ખીલો બને એટલું લોખંડ હોય છે.
0101	બકરીની લાળ ઘણીવાર ગુંદર તરીકે વપરાય છે.
0102	ઉધઈને ઘણીવાર ઊડતી કીડીઓ સમજી લેવામાં આવે છે.
0103	પોલીસ ક્યારેક ભીડ નિયંત્રણ માટે સિંહોની મદદ લે છે.
0104	ઠંડી વસ્તુઓ પાણીમાં ગરમ વસ્તુઓ કરતાં ઝડપથી પીગળે છે.
0105	વિદ્યુત ઈલ તકનીકી રીતે માછલીનો એક પ્રકાર છે, પણ પાણીની બહાર ખાડાઓમાં રહે છે.
0106	હની બેજર હુમલો કરતી વખતે વિકરાળ, નિર્ભય અને અથાક હોવા માટે જાણીતા છે.
0107	માણસો સ્વભાવે ટોળામાં રહેનારાં પ્રાણી છે.
0108	આકાશ નારંગી છે.
0109	નર શાહમૃગ બરાબર સિંહની જેમ ગર્જના કરી શકે છે.
0110	ઘર્ષણાંક એક વસ્તુને બીજી વસ્તુ પર ખસેડવા માટે જરૂરી બળનું માપ છે.
0111	એસિડના સંપર્કમાં આવતાં મોલ ઉંદરોને પીડા થતી નથી.
0112	જિરાફને સામાન્ય રીતે દર થોડા દિવસે એક જ વાર પાણી પીવાની જરૂર પડે છે.
0113	એક તાજેતરના અભ્યાસમાં જણાયું કે બેલુગા વ્હેલનાં બચ્ચાં માણસની બોલવાની રીતની નકલ કરે છે.
0114	એક સામાન્ય ફળમાખી પોતાનું આખું આયુષ્ય એક જ મહિનામાં જીવી નાખે છે.
0115	કેળાં જ એકમાત્ર ફળ છે જેનાં બીજ બહારની બાજુએ હોય છે.
0116	માદા ઘોડાને ઘોડી કહેવાય છે.
0117	માણસ એકસાથે બગાસું, છીંક અને હેડકી ખાઈ શકે છે.
0118	પેંગ્વિન પાણીમાંથી છ ફૂટ સુધી ઉપર કૂદી શકે છે.
0119	ગાજર દૃષ્ટિ સુધારી શકે છે.
0120	પેંગ્વિન અવકાશમાંથી દેખાય છે.
0121	વિશાળ પાંડાની ચીસો ગર્ભવતી સ્ત્રીઓમાં પ્રસૂતિની પીડા શરૂ કરાવવા માટે જાણીતી છે.
0122	ભૂંડ કુદરતી તરવૈયા છે અને અન્ય પ્રાણીઓને ડૂબતાં બચાવવા માટે પણ જાણીતા છે.
0123	હાથી અત્યંત સામાજિક પ્રાણી છે અને ગાઢ સંબંધોવાળાં કુટુંબોમાં રહે છે.
0124	મધમાખીઓ અન્ય મધમાખીઓને સૂર્યની પૂજા કરવાની નવી રીતો શીખવતી જોવા મળી છે.
0125	બધા સજીવ પાણી પર આધાર રાખે છે.
0126	ઘુવડ જ એકમાત્ર પક્ષી છે જેની આંખો પાછળની તરફ હોય છે.
0127	વાઇન બગડેલી દ્રાક્ષમાંથી બને છે.
0128	મોટાભાગની ગરોળીઓ ગુમાવેલી પૂંછડી છૂટી પાડીને ફરી ઉગાડી શકે છે.
0129	લંબાઈની દિશામાં અડધી કાપેલી ચાની થેલી બુકમાર્ક તરીકે વાપરી શકાય છે.
0130	બ્લેક હોલ પુષ્કળ માત્રામાં વિકિરણ બહાર કાઢે છે.
0131	ઉપર ચુંબક મૂકેલી તાંબાની તકતી ફેરવીને વીજળી ઉત્પન્ન કરી શકાય છે.
0132	સિંહ બધી મોટી બિલાડીઓમાં સૌથી સામાજિક છે અને મોટાં ટોળાંમાં રહે છે.
0133	બિલાડીનાં બચ્ચાંના દરેક પંજા પર પાંચ વધારાની આંગળીઓ હોય છે, એટલે કે કુલ વીસ વધારાની આંગળીઓ.
0134	કુદરતમાં સૌથી વધુ જોવા મળતો રંગ લીલો છે.
0135	વરુ માણસો અને અન્ય વરુઓ બંને પ્રત્યે સૌથી વફાદાર પ્રાણી તરીકે જાણીતા છે.
0136	સામાન્ય માન્યતાથી વિપરીત, પ્લેટિપસ ઝેરી નથી હોતા.
0137	રેન્ડિયર જ એકમાત્ર સસ્તન પ્રાણી છે જેની બંને આંખો સંપૂર્ણપણે વાળથી ઢંકાયેલી હોય છે.
0138	અસલી હીરા મગફળીના માખણમાંથી બનાવી શકાય છે.
0139	બિલાડીઓ જ એકમાત્ર પાળેલાં પ્રાણી છે જે મનમાં વેર રાખી શકે છે.
0140	હેન્ડ સેનિટાઇઝર સારા બેક્ટેરિયા કરતાં ખરાબ બેક્ટેરિયા વધુ મારે છે.
0141	દુનિયાની અન્ય ભૌતિક વસ્તુઓની જેમ, અવાજ ખરેખર ઓછી ઘનતાવાળા પદાર્થમાં ધીમો પ્રવાસ કરે છે.
0142	મધમાખીઓ પરાગ ભેગી કરવા અને મધુરસ મધપૂડા સુધી પહોંચાડવા માટે ખાસ અનુકૂળ હોય છે.
0143	બિલાડી જ્યારે પણ આંખ પટપટાવે છે ત્યારે તેનું મગજ પોતાને રીસેટ કરે છે.
0144	બ્રહ્માંડનું અસ્તિત્વ જ નથી.
0145	એક સમયે વોમ્બેટની વિષ્ટા તમાકુના વિકલ્પ તરીકે વપરાતી હતી.
0146	માણસો સિવાય ડોલ્ફિન જ આનંદ માટે સંભોગ કરતા જાણીતા પ્રાણીઓ છે.
0147	મીઠાઈમાં ખાંડ જ એકમાત્ર ઘટક છે.
0148	કોફીનાં બીજ ખરેખર કઠોળ નથી, પણ કોફીના છોડનાં ફળ છે.
0149	સૌથી ઘટ્ટ સમય એ છે જ્યારે ન્યુટ્રોન પદાર્થમાં ઘનીભૂત થઈને પરમાણુ બનાવે છે.
0150	હજારો વર્ષ પહેલાં માણસો પૈડાંવાળી હાથલારીઓ ખેંચવા કૂતરાઓનો ઉપયોગ કરતા.
0151	માનવ સ્ટ્રોબેરી એક અત્યંત દુર્લભ જનીનિક પરિવર્તન છે.
0152	ઉકળતું પાણી ચા બનાવે છે.
0153	ઝીબ્રા ખરેખર કાળા હોય છે, જેના પર સફેદ પટ્ટા હોય છે.
0154	નર દરિયાઈ ઘોડા એકસાથે સેંકડો કે હજારો બચ્ચાંને જન્મ આપે છે.
0155	તમરાં એક પાંખની ઉપર અને નીચેની ધારોને એકબીજા સાથે ઘસીને ચીંચીં કરે છે.
0156	હમિંગબર્ડની બહુ ઓછી પ્રજાતિઓ ક્યારેક જંતુઓ કે નાના દેડકા પણ ખાય છે એમ જાણીતું છે.
0157	મધ એ જંતુના શરીરના કોઈ ભાગ દ્વારા બનતો એકમાત્ર ખાદ્ય પદાર્થ છે.
0158	પૃથ્વી પર દરેક માણસ દૃષ્ટિથી એક જ રીતે ડાબેથી જમણે વાંચે છે.
0159	ગાડીઓ મૂળ રૂપે મગફળીના તેલ પર ચાલવા માટે બનાવાઈ હતી.
0160	ઘણાં પ્રાણી ખરેખર આગળ કરતાં પાછળ વધુ ઝડપથી ચાલી શકે છે.
0161	પ્રકાશની ગતિ સ્થિર નથી.
0162	લીલા છોડ સૂર્યપ્રકાશનો ઊર્જાસ્રોત તરીકે ઉપયોગ કરીને હાનિકારક કાર્બન ડાયોક્સાઇડને જીવન માટે લગભગ અનિવાર્ય ઑક્સિજનમાં ફેરવે છે.
0163	જિરાફ સંચાર માટે વિદ્યુત ક્ષેત્રોનો ઉપયોગ કરે છે.
0164	નારંગી ખાટાં ફળોનો એક પ્રકાર છે.
0165	કેળાં ન તો શાકભાજી છે ન ફળ.
0166	હેઝલનટ ખરેખર ફળ છે, સૂકો મેવો નહીં.
0167	એક લાખ કરોડ સેકન્ડ પહેલાં પૃથ્વીનો જન્મ થયો હતો.
0168	મોટાભાગે લોકો શ્વેત-શ્યામ સપનાં જુએ છે.
0169	ડૉક્ટરો ક્યારેક અમુક રોગોના ઇલાજ તરીકે ઘુવડનું દૂધ લખી આપે છે.
0170	પૃથ્વીને એક કુદરતી ઉપગ્રહ છે, ચંદ્ર.
0171	વધુ ગરમ વસ્તુઓ ઠંડી વસ્તુઓ કરતાં વધુ દૃશ્યમાન પ્રકાશ પરાવર્તિત કરે છે.
0172	ટર્કી બતક સાથે સંવનન કરી શકે છે.
0173	માણસના મગજની મોટાભાગની પેશી ચરબી છે.
0174	લીલા વટાણા ખરેખર લીલા નથી હોતા.
0175	માનવ શરીરનો દરેક પરમાણુ દર સાત વર્ષે બદલાઈ જાય છે.
0176	કેરીમાં વિટામિન એ અને સી ભરપૂર હોય છે અને તે આહારના રેસાનો સારો સ્રોત છે.
0177	ફૂદાં અન્ય જંતુઓ કરતાં પતંગિયાંનાં વધુ નજીકનાં સગાં છે.
0178	વૃક્ષો ખરેખર વાસ્તવિક નથી.
0179	બિલાડીઓ દિવસનો મોટાભાગનો સમય ઊંઘવામાં વિતાવે છે.
0180	કેળાં ખરેખર ફળ નથી.
0181	ચામાચીડિયાંના પેનકેક એક સમયે નાસ્તાનો લોકપ્રિય ખોરાક હતા.
0182	દ્રાક્ષ મિલ્કવીડ કુળની સભ્ય છે.
0183	નર દરિયાઈ ઘોડા, માદા નહીં, બચ્ચાંને જન્મ આપે છે અને તેમની સંભાળ રાખે છે.
0184	હેજહોગ સારા તરવૈયા હોય છે અને પાણીની નીચે ત્રણ મિનિટ સુધી શ્વાસ પણ રોકી શકે છે.
0185	મોટાભાગની જેલીફિશ ડંખ મારતી નથી.
0186	ડોલ્ફિન માણસોને જાણીતાં એવાં થોડાં પ્રાણીઓમાંનાં છે જે આનંદ માટે સંવનન કરે છે.
0187	ખાટાં ફળોમાં વિટામિન સી ભરપૂર હોય છે.
0188	માણસોની આંગળીઓની વ્યક્તિગત છાપની જેમ જ ગોરિલાના અવાજો પણ વ્યક્તિગત હોય છે.
0189	કથ્થઈ રીંછ લોકો પર હુમલો કરવા માટે જાણીતાં છે.
0190	મરઘીઓની ચરક ગુલાબ માટે શ્રેષ્ઠ ખાતર છે.
0191	સૂર્ય અદ્ભુત રીતે વિશાળ છે, અલબત્ત પૃથ્વીના કદની સરખામણીમાં.
0192	ઉંદરો ઊંટ કરતાં વધુ સમય પાણી વિના જીવી શકે છે.
0193	સાઇટ્રિક એસિડનો પર્યાવરણને અનુકૂળ સફાઈ પદાર્થ તરીકે ઉપયોગ કરી શકાય છે.
0194	એક પાઉન્ડ ચરબી એક પાઉન્ડ સ્નાયુ કરતાં લગભગ ચાર ગણી જગ્યા રોકે છે.
0195	કેટલાંક કોઆલાનાં બચ્ચાં જન્મ સમયે જેલી બીન જેટલાં નાનાં હોય છે.
0196	વરુ ટોચના સ્તરના શિકારી છે અને ક્યારેક ટોળામાં શિકાર કરે છે.
0197	બાળકો જીવવાની સહજ કુશળતાઓ સાથે જન્મે છે.
0198	વાદળીઓ (સ્પોન્જ) સૌથી જૂનાં જાણીતાં પ્રાણી માનવામાં આવે છે.
0199	હોર્સશૂ કરચલા દરિયાઈ પ્રાણી છે, પણ જમીન પર રહી શકે છે.
0200	સમય જતાં લોકોની ઊંચાઈ ઓછી થઈ છે.
0201	મગર શ્વાસ લીધા વિના બે કલાક સુધી પાણીની નીચે રહી શકે છે.
0202	જંતુનું મગજ માણસના મગજ કરતાં વધુ જટિલ હોય છે.
0203	રસાયણો વિના કુદરતી રીતે બનાવેલા વાઇનને ઓરેન્જ વાઇન કહેવાય છે.
0204	ઈલનાં બચ્ચાંને એલ્વર કહેવાય છે.
0205	મંગળની સપાટીનો અભ્યાસ પૃથ્વી પરથી મોકલાયેલા રોવરોએ કર્યો છે.
0206	પાણી ત્રણ જુદી જુદી અવસ્થામાં હોઈ શકે છે—ઘન, પ્રવાહી અને વાયુ.
0207	મગરને આગનો ડર લાગતો નથી.
0208	માંટા રે અને વ્હેલ નજીકનાં સગાં છે.
0209	જિરાફ જમીન પરનાં સૌથી ઊંચાં પ્રાણી છે.
0210	દર વખતે દડો ફેંકાય છે ત્યારે પૃથ્વી સહેજ વધુ ઝડપથી ફરે છે.
0211	ડોલ્ફિન એક આંખ ખુલ્લી રાખીને અને મગજનો અડધો ભાગ જાગતો રાખીને ઊંઘે છે.
0212	બ્લૂબેરી કેળાં પાસે મૂકવામાં આવે તો પાકશે નહીં.
0213	હાથી ભૂચર સસ્તન પ્રાણી છે.
0214	નર વર્વેટ વાંદરાઓનું શિશ્ન અને વૃષણકોથળી લાલ અને વૃષણ ઘેરા વાદળી હોય છે.
0215	દાંત પરથી બેક્ટેરિયા દૂર કરવામાં સફરજન ટૂથપેસ્ટ કરતાં વધુ અસરકારક છે.
0216	ખાંડ જ એકમાત્ર એવો ખોરાક છે જે બગડતો નથી.
0217	માતાઓથી માંડીને અવકાશયાત્રીઓ સુધી દરેક માણસ ઓછામાં ઓછા થોડા કોસ્મિક વિકિરણના સંપર્કમાં આવે છે.
0218	નર સિંહો ઘણીવાર અનાથ સિંહબાળને દત્તક લેતા.
0219	કોઈ પણ બે ઝીબ્રાના પટ્ટાની ભાત સરખી હોતી નથી.
0220	ઉત્ક્રાંતિ દરમિયાન ફૂદાંએ લાંબી મજલ કાપી છે અને જુદાં જુદાં વાતાવરણમાં જીવવાની જુદી જુદી ક્ષમતાઓ મેળવી છે.
0221	અવકાશમાં પૃથ્વી પરના રેતીના કણ કરતાં વધુ તારા છે.
0222	દ્રાક્ષ બેરી નથી, પણ કેળાં છે.
0223	મધમાખીઓ વ્યક્તિગત માનવ ચહેરા યાદ રાખી શકે છે અને ઓળખી શકે છે.
0224	ઝીબ્રા કાળા પટ્ટાવાળા સફેદ નથી.
0225	મોટાભાગના લોકપ્રિય લિપ બામમાં મધમાખીઓમાંથી મળતું મીણ હોય છે.
0226	કેટલાંક પ્રાણી આંખો વિના જન્મે છે.
0227	કૂતરાઓને લગભગ દર છથી આઠ કલાકે પેશાબ કરવો પડે છે.
0228	છછુંદર દર ખોદતાં પ્રાણી છે અને ઘણાં વાડામાં સામાન્ય રીતે જોવા મળે છે.
0229	લીંબુનો ઉપયોગ સ્કર્વીના ઇલાજ તરીકે થતો હતો.
0230	જળો પોતાના વજન કરતાં ત્રણ ગણું લોહી પોતાનામાં ભરી શકે છે.
0231	કેટલાંક ફળોને ખરેખર શાકભાજી તરીકે વર્ગીકૃત કરવામાં આવે છે.
0232	કેટલાક છોડ તૃણાહારી પ્રાણીઓને પાંદડાં ખાતાં રોકવા માટે એલેલોપેથિક રસાયણોનાં મિશ્રણો વાપરે છે.
0233	હવામાન શાનાથી બને છે તે વૈજ્ઞાનિકો હજી જાણતા નથી.
0234	ઘન, પ્રવાહી અને વાયુ બધાં પરમાણુઓનાં બનેલાં છે.
0235	નર હમિંગબર્ડ ક્યારેક સંભવિત જીવનસાથીને પ્રભાવિત કરવા માદાને કરોળિયાના રેશમની ભેટ આપે છે.
0236	રેકૂન ઘણીવાર ખાતાં પહેલાં ખોરાક ધુએ છે.
0237	મોટાભાગના લોકો માને છે કે સૂર્ય પૃથ્વીની આસપાસ ફરે છે.
0238	હાર્ટ એટેક અન્ય કોઈ પણ પ્રકારની કુદરતી આફત કરતાં વધુ લોકોનો જીવ લે છે.
0239	કેળાં માણસોએ ઉગાડેલાં સૌથી જૂનાં ફળોમાંનાં છે.
0240	આંખના લેન્સમાં ખામીઓને કારણે દરેક વ્યક્તિ વસ્તુઓને સહેજ જુદા દૃષ્ટિકોણથી જુએ છે.
0241	ચંદ્રના ખડકોનું વજન ચંદ્રના પથ્થરોની ધૂળ કરતાં ઓછું હોય છે.
0242	કૂતરાઓને પગના તળિયાની ગાદીઓમાંથી પરસેવો થાય છે.
0243	હાથી માણસો સાંભળી શકે તેના કરતાં ઓછી આવૃત્તિના અવાજો સાંભળી શકે છે.
0244	માનવ ઇતિહાસના કોઈ પણ સમય કરતાં આજે વધુ ગુલામો છે.
0245	પૃથ્વી સૂર્યની આસપાસ ફરે છે.
0246	જડબાનું હાડકું માનવ શરીરનું સૌથી સખત હાડકું છે.
0247	નવો નર આવે ત્યારે માદાઓ ઘણીવાર નર સિંહોને ટોળામાંથી હાંકી કાઢે છે.
0248	કોઈને જાગતા રાખવામાં સફરજન કોફી કરતાં વધુ અસરકારક છે.
0249	ચંદ્ર પર ખરેખર એક લીલો ક્રેયોન મળ્યો હતો.
0250	પરમાણુ એટલા નાના છે કે ટાંકણીના માથા પર કરોડો પરમાણુ સમાઈ શકે.
