0501	Nar pille aksar maada pillon se pehle paida hote hain.
0502	Maanav hriday ka aakaar lagbhag ek mutthi jitna hota hai.
0503	Keval lagbhag aadhe jaanwaron mein kasherukayein hoti hain.
0504	Eentein nirmaan mein upyog ki jaane waali sabse puraani aur sabse lokpriya nirmaan saamagriyon mein se hain.
0505	Hypothalamus mastishk ka ek chhota hissa hai, lekin shareer ke kai mahatvapoorn kaaryon ko niyantrit karta hai.
0506	Safed baagh jungle mein prakritik roop se nahin paaye jaate.
0507	Phal par ubhaaron ki sthiti ke kaaran kelon ki tulna aksar kaanon se ki jaati hai.
0508	Shukra grah surya se doosra sabse nikat grah hai.
0509	Wine ko apna laal rang laal angooron ke chhilke mein maujood anthocyanin varnakon se milta hai.
0510	Har baar jab maanav hriday dhadakta hai, to itni oorja paida hoti hai ki ek chhoti double roti banaai ja sake.
0511	Manushya anya jaanwaron ke vyavahaar apna sakte hain.
0512	Brahmaand anant nahin hai.
0513	Budh par ek din budh ke ek varsh se doguna lamba hota hai.
0514	Gurda ekmaatra aantarik ang hai jiska apna tantrika tantra hota hai.
0515	Madhumakkhiyan kataar mein udti hain kyonki sabse aage waali madhumakkhi akele udne ke liye bahut thaki hoti hai.
0516	Aavart saarni ke tatvon mein se hormesis zyaadatar keval kuch seemit tatvon mein hi dekha jaata hai.
0517	Kutton ki kai naslon ke masoode kaale hote hain.
0518	Sloth din ka adhikansh samay ped ki daaliyon par ulta latakkar sote hue bitaate hain.
0519	Albatross udte hue sambhog kar sakta hai aur anda de sakta hai.
0520	Prati vyakti jitni kam ghaas hogi, stadium ki ghaas utni hi adhik samay tak tikegi.
0521	Koyla ek jeevaashm eendhan hai jo laakhon varshon mein kaarbanik padaarthon ke apghatan se bana hai.
0522	Taazi gaajarein vaastav mein sadti hui gaajaron se adhik khatarnaak hoti hain.
0523	Bhookamp bhransh rekhaon ki gati ke kaaran aate hain.
0524	Jaivik manushya oorja mein badal jaate hain aur oorja vaashpit hokar shoonya ho jaati hai.
0525	Sookhi hawa ka ghanatva nam hawa se adhik hota hai.
0526	Gharelu makkhi ka jeevankaal do saptaah hota hai.
0527	Hydrogen ke baad oxygen brahmaand mein doosra sabse prachur tatva hai.
0528	Orca (killer whale) vaastav mein whale nahin, balki dolphin hain.
0529	Tamaatar neele ho sakte hain.
0530	Kadaake ki sardi mein ice cream khaane se global warming kam hoti hai.
0531	Murgiyan jitna socha jaata hai usse kahin adhik baar galti se sambhog karti hain.
0532	Adhikansh vaigyanik maante hain ki brahmaand anant hai.
0533	Hypothalamus taapmaan, neend, bhookh aur pyaas sahit shareer ke adhikansh buniyaadi aur aavashyak kaaryon ko niyantrit karta hai.
0534	Vanilla kabhi sone se bhi mehenga tha.
0535	Soup ko hamesha taral nahin maana jaata.
0536	Chandrama par utarne ke footage nakli the.
0537	Samudri ghodon mein vaastav mein nar hi garbhvati hote hain aur santaan ko janm dete hain.
0538	Bhaalu aksar chhatte ke andar ke shahad aur keedon tak pahunchne ke liye madhumakkhiyan aur tataiye khaate hain.
0539	Gaayein khade-khade so sakti hain.
0540	Maanav pet gaay ka doodh pacha sakta hai.
0541	Salmon chocolate ke saath milaakar sabse swaadisht lagti hai.
0542	Savetan chhuttiyan vaastav mein karmchaariyon ko adhik khush aur utpaadak banaati hain.
0543	Kuch paristhitiyon mein paani apne saamaanya himaank se neeche bhi taral bana reh sakta hai.
0544	Ulloo ki aankh uske mastishk jitni badi hoti hai.
0545	Barf paani par tairti hai.
0546	Seb paani par tair sakte hain, aaloo bhi tair sakte hain.
0547	Chai aur coffee duniya ke sabse puraane peyon mein se do hain.
0548	Kutton aur billiyon ki aanuvanshik sanrachna vaastav mein bahut milti-julti hai.
0549	Cheeni ki lat lagti hai aur yeh dikhaaya gaya hai ki yeh cocaine jitni hi lat lagaane waali hai.
0550	Haathi sheersh shikaari hain.
0551	Choohe un chhote jeevon ke jeevan ki haal ki ghatnaon se judi cheezon ke sapne dekhne ke liye jaane jaate hain.
0552	Haldi ke paudhe ki jad ka upyog curry aur sarson (mustard) mein masaale ke roop mein kiya jaata hai.
0553	Garam hawa thandi hawa ki tulna mein kam nami dhaaran karti hai.
0554	Vasant ritu varsh ki shuruaat se sardi ki tulna mein adhik door hai.
0555	Chamgaadad shikaar ko pehchaanne aur udte samay raasta khojne ke liye pratidhvani-nirdhaaran ka upyog karte hain.
0556	Manushya machhliyon se viksit hue.
0557	Penguin aksar pattharon ko auzaar ke roop mein istemaal karte hain.
0558	Manushya laakhon varshon se prithvi par hain.
0559	Swine flu saamaanya flu ki tulna mein adhik vayaskon ko sankramit karta hai.
0560	Garbhaavastha ke dauraan ajanme bachche ko apni maa ke aaspaas ho rahi ghatnaon ki jaankaari hoti hai.
0561	Baahri antariksh mein ek meethi, lagbhag marshmallow jaisi gandh hoti hai.
0562	Kekde vaastav mein doosre kekdon ki tulna mein lobster se adhik nikat se sambandhit hain.
0563	Zebra laal hote hain, kaali dhaariyon waale safed nahin.
0564	Lakadbaggha isliye hansta hai kyonki uski hansi shikaar ko shithil kar deti hai, jisse use maarna aasaan ho jaata hai.
0565	Machhliyan ek baar mein pachaas laakh tak ande de sakti hain.
0566	Ulloo apni aankh ki putliyan nahin hila sakte.
0567	Baking powder ka upyog baking mein khameer uthaane waale padaarth ke roop mein kiya jaata hai.
0568	Kaanch vaastav mein bijli ka achchha suchaalak hai.
0569	Jungle mein samudri oodbilaav sote samay aksar ek-doosre ka haath pakad lete hain taaki behkar alag na ho jaayein.
0570	Choohe andhe aur behre paida hote hain.
0571	Billi ke bachche ati sakriya hote hain aur pille shaant hote hain.
0572	Nar moose ke bade seeng hote hain.
0573	Bagel ke upar paaye jaane waale khaskhas ke daane vaastav mein posta phool ka sankatgrast phal hain.
0574	Nar murgon ko murga kaha jaata hai, jabki maada ko murgi kaha jaata hai.
0575	Chimpanzeeyon ko deemak nikaalne ke liye auzaaron ka upyog karte dekha gaya hai.
0576	Kachhue apne khol ke chhedon se saans le sakte hain.
0577	Koala bhaalu vaastav mein bhaalu nahin, balki marsupial (shishudhaani) hain.
0578	Ek cheenti bina sir ke saat din tak jeevit reh sakti hai.
0579	Duniya mein keeton ki lagbhag paanch laakh se adhik vibhinn prajaatiyan hain.
0580	Shani grah ka vaayumandal ghana hai jo mukhya roop se hydrogen aur helium se bana hai.
0581	Manushya hi ekmaatra prajaati nahin hain jo jatil bhaavnayein anubhav karti hai.
0582	Samroop judwaan ki santaan bhi judwaan hoti hai.
0583	Surajmukhi ekvarshiya paudhe hain.
0584	Taapmaan spring ke tanaav ko prabhaavit karta hai.
0585	Diet soda ka ek can dhaatu ko aapas mein weld kar dega.
0586	Maanav mastishk kisi paatra mein nahin hai aur use paatron ke aakaar se nahin maapa ja sakta.
0587	Paneer (cheese) duniya mein sabse adhik churaaya jaane waala khaadya padaarth hai.
0588	Adhikansh paudhe anya paudhon ki tulna mein jaanwaron se adhik nikat se sambandhit hain.
0589	Vidyut kshetra paani ko sharaab (wine) mein badal sakte hain.
0590	Jiffy vidyut aur yaantrik dono tarah ke engineeron ke liye samay ki ek vaastavik ikaai hai.
0591	Prakaash tarangein aur dhvani tarangein dono vidyut chumbakiya vikiran ke prakaar hain.
0592	Kelon ko vaastav mein berry nahin maana jaata, lekin berry ko kela maana jaata hai.
0593	Giraffe duniya ke sabse oonche stanadhaari hain.
0594	Beej ek bhroonniya paudha hai jo ek surakshaatmak baahri aavaran mein band hota hai.
0595	Crazy cheentiyan cheentiyon ki ek prajaati hain jo paagalpan bhare ya aniyamit gati pattern dikhaati hain.
0596	Kachcha doodh pasteurised doodh ki tulna mein shareer mein adhik paani ki poorti karta hai.
0597	Chocolate milk mein mool roop se koi doodh nahin hota tha.
0598	Ek ausat vyakti apne jeevankaal mein duniya ke teen chakkar lagaane ke baraabar paidal chalta hai.
0599	Chamgaadad ek raat mein apne shareer ke vazan ke lagbhag aadhe ke baraabar kachche keede kha sakte hain.
0600	Beaver ke daant avishvasniya roop se mazboot hote hain aur dhaatu ko bhi kaat sakte hain.
0601	Manushya hi ekmaatra gyaat prajaati hai jo chumban karti hai.
0602	Emu paalne waale kisaan emu paalne waale kisaanon ke pankh nochte hain.
0603	Neuron tantrikaon mein bandhe hote hain, jo axon se bani hoti hain.
0604	Shahad ekmaatra aisa khaadya padaarth hai jo kabhi kharaab nahin hota.
0605	Bijli ka upyog oorja paida karne ke liye hota hai aur oorja ka upyog bijli paida karne ke liye hota hai.
0606	Lemur bhaavnaon ko soongh aur chakh sakte hain.
0607	Bahut adhik paani peene se logon ki maut ho sakti hai.
0608	Aaloo surya ka prakaash dekh sakte hain.
0609	Ulloo ke ugle hue golon mein uske shikaar ke na pachne waale hisse hote hain.
0610	Apni prateet hone waali uchch maanspeshi maatra ke baavjood suar ka maans bina chamdi waale chicken jitna hi kam vasa waala hota hai.
0611	Har din surya poorv mein ugta hai aur pashchim mein ast hota hai.
0612	Prekshaniya brahmaand mein anumaanit sau kharab aakashgangayein hain.
0613	Haathi tehniyon aur daaliyon ka upyog machchhar bhagaane ke liye kar sakte hain.
0614	Adhikansh sabziyan vaastav mein phal hain.
0615	Battakhon ke pair jaalidaar hote hain jo unhein adhik kushalta se tairne mein madad karte hain.
0616	Kamre ke taapmaan waala paani ubalte paani se adhik garam hota hai.
0617	Neeli aankhon waali billiyan aam taur par behri hoti hain.
0618	Kele vikrit time machine hain.
0619	Samudri ghodon mein nar hi bachchon ko janm dete hain.
0620	Penguin pattharon se premaalaap karte hue dekhe gaye hain.
0621	Bhaalu hi aise stanadhaari hain jinke kandhe ghoomne waale hote hain, jisse ve sir aage karke pedon par chadh paate hain.
0622	Khaare paani ka himaank saade paani ke himaank se kam hota hai.
0623	Shahad anishchit kaal tak tik sakta hai.
0624	Ek samay gaajarein baingani hoti thin.
0625	Ek haath waala pianovaadak do haathon waale vyakti se ek saath adhik swar baja sakta hai.
0626	Choohe paanchvin manzil ki khidki se girkar bhi bina chot ke chalkar ja sakte hain.
0627	Kele sachmuch phal nahin hain.
0628	Bhojan beemaari theek kar sakta hai.
0629	Brahmaand mein ek nirantar kampan hai jise «prishthbhoomi vikiran» kaha jaata hai.
0630	Avocado paani mein tairte hain.
0631	Cellulose ek sanrachnaatmak carbohydrate anu hai jo adhikansh paudhon ki koshika bhittiyon mein paaya jaata hai.
0632	Jeevanshaili shabd aam taur par kisi vyakti ke jeene ke tareeke ko darshaata hai.
0633	Water bear (tardigrade) antariksh ke nirvaat ko sahan kar sakta hai.
0634	Mangal aur brihaspati ki kakshaon ke beech ek kshudragrah patti sthit hai.
0635	Kuch log maante hain ki pecan pie khaane se kutte mar jaayenge.
0636	Ananaas laal, neele ya peele ho sakte hain.
0637	Lambe samay tak vaigyanik sochte rahe ki shark beemaariyon se pratirakshit hoti hain aur unhein koi sankraman nahin hota.
0638	Citric acid ki maatra ke kaaran neembu ka upyog kabhi-kabhi safaai agent ke roop mein kiya jaata hai.
0639	Vaigyanikon ne siddhaant diya hai ki shuturmurg ki tvacha bulletproof hoti hai.
0640	Saahi ki poonchh par lage kaante vaastav mein ek nukeela shool hain.
0641	Aaloobukhaara gulaab kul ka sadasya hai.
0642	Panda ke bachche safed aur andhe paida hote hain.
0643	Manushya hi ekmaatra aise jaanwar hain jinki thuddi hoti hai.
0644	Murgiyan paristhitivash vipreet ling ke kapde pehen sakti hain.
0645	Bacteria prithvi par ekmaatra jeevit jeev hain jo vitamin C ka sanshleshan kar sakte hain.
0646	Bakri ki aankh ki putli lagbhag uske mastishk jitni badi hoti hai.
0647	Kele parmaanu bomb hain.
0648	Ek candy pulled pork ke roop mein aati hai.
0649	Poornima tab hoti hai jab chandrama prithvi ke us or hota hai jo surya ke vipreet hai.
0650	Ladybug kisaanon ke liye ek bahut mahatvapoorn keet hai.
0651	Bachchon ko vyanjanaon, yaani cheezon ko sandarbhit karne ke vinamra vaikalpik tareekon, ko samajhne mein kathinaai hoti hai.
0652	Aam tab pake hote hain jab unka chhilka peela aur naarangi ho jaata hai.
0653	Oonche cholesterol star aam taur par sankramanon se bachaate hain.
0654	Mendhak apne shareer ki lagbhag sabhi sataahon ki tvacha se paani aur poshak tatva sokh sakte hain.
0655	Frozen mein shikshika ko mool roop se ek nasheele padaarthon ke saudaagar ke roop mein dikhaaya jaana tha.
0656	Paani vaastav mein rang milaane se pehle hi jam jaata hai.
0657	Baar-baar stretching karne se vaastav mein maanspeshiyon ki akdan badh sakti hai aur lacheelapan ghat sakta hai.
0658	Manushyon ke alawa lemur hi aise primate hain jinmein rajonivritti hoti hai.
0659	Har din surya duniya bhar mein lagbhag ek laakh toofaanon (garaj ke saath) ka kaaran banta hai.
0660	Doodh fridge mein rasoi ke counter ki tulna mein jaldi khatta hota hai.
0661	Ek truffle maada wombat ke hazaaron chhote-chhote meethe chumbanon ke baraabar hai.
0662	Jungli ghodon ko paaltu nahin banaaya ja sakta.
0663	Antarmukhi vyakti vah hai jise akele rehne se oorja milti hai.
0664	Maanav shareer mein itna loha hota hai ki usse teen inch ki keel banaai ja sake.
0665	Pakshi pankhon waale garam rakt waale kasherukiyon ka ek varg hain.
0666	Poorn chandrama hamesha suryaast ke samay ugta hai.
0667	Giraffe prithvi par sabse bade sthaliya stanadhaari hain.
0668	Ananaas ek prakaar ka phal hai.
0669	Coffee beans vaastav mein phaliyan nahin, balki coffee ke paudhe ke beej hain.
0670	Baby gaajarein vaastav mein shishu nahin hotin.
0671	Pakshi adhiktar hawa se bane hote hain.
0672	Oodbilaav ke navjaat bachchon ko «pup» kaha jaata hai.
0673	Adhikansh jheelein aayataakaar hoti hain.
0674	Jaanwaron ke bachchon ko larva kaha jaata hai.
0675	Madhumakkhiyan paraabaingani prakaash dekh sakti hain, jisse unhein phoolon mein makrand khojne mein madad milti hai.
0676	Cadmium ek vishaili dhaatu hai jo aam taur par audyogik vaataavaran mein paai jaati hai.
0677	Kudu saandon ke seeng lagbhag chaar foot tak lambe paaye gaye hain.
0678	Labradoodle shuddh nasl ka kutta nahin hai.
0679	Antariksh mein taaron ki sankhya prithvi ke sabhi samudra taton ke ret ke kanon se adhik hai.
0680	Atyant saamaajik jaanwar hone ke baavjood koala shayad hi kabhi ek-doosre se samvaad karte hain.
0681	Ek aisa plastic surgeon hai jisne khud ka poora chehra pratyaaropit kiya.
0682	Jeevaashm saakshyon ke aadhaar par ulloo pakshiyon ke sabse puraane samoohon mein se ek hain.
0683	Saahi kaante lekar chalte samay ulta chalti hai.
0684	Ausat maanav shareer mein itna carbon hota hai ki usse lagbhag nau hazaar pencilein bhari ja sakein.
0685	Jellyfish vaastav mein machhli nahin hain, aur darasal ve jaanwar bhi nahin hain.
0686	Agar hammerhead shark apna hathauda kho de, to aakhirkaar naya ug aayega.
0687	Bhoore bhaalu janm ke samay vaastav mein neele hote hain.
0688	Mom/paraffin ko petroleum se nikaala ja sakta hai.
0689	Paneer (cheese) cancerkaari hai.
0690	Beaver ke bachche ke daant naarangi hote hain.
0691	Bijju ki aankhein chhoti, kaan gol aur taangein chhoti hoti hain.
0692	Saurmandal ke sabhi grah brihaspati ke andar sama sakte hain.
0693	Pahiye ko ab tak ke sabse mahaan aavishkaaron mein se ek maana jaata hai.
0694	Shark har mahaasaagar mein, har mahadweep par rehti hain.
0695	Broccoli mein steak se adhik protein hota hai.
0696	Manushya prithvi par ekmaatra aise jaanwar hain jinki thuddi hoti hai.
0697	Pasta ko theek saat minute pakaane se ekdam sahi al dente pasta banta hai.
0698	Vishaal panda ka ek nakli angootha hota hai.
0699	Murgiyon ki har haddi ki majja mein tairne mein madad karne waale upkaran hote hain.
0700	Cranberry meethe paani ki kyaariyon mein ugaai jaati hain.
0701	Panda vaastav mein bhaalu nahin hain.
0702	Baagh duniya ki sabse badi billiyan hain.
0703	Adhik kele khaane se potassium ki kami door karne mein madad mil sakti hai.
0704	Adhikansh log sochte hain ki chandrama safed hai, lekin vaastav mein chandrama sachmuch safed nahin hai.
0705	Lomdiyan jeevan bhar ke liye joda banaati hain.
0706	Sabhi pattiyan kuch had tak carbon dioxide hataate hue hawa mein oxygen milaati hain.
0707	Prithvi par kinhin do manushyon ke anguliyon ke nishaan ek jaise nahin hote.
0708	Paseena vaastav mein paani se nahin bana hota.
0709	Naashta karna vazan ghataane ke prayaason mein sahaayak hota hai.
0710	Istemaal kiye gaye tea bag ko potpourri ke roop mein dobaara upyog kiya ja sakta hai.
0711	Bichchhoo anya sthaliya jaanwaron ki tulna mein kaafi adhik taapmaan aur dabaav sahan kar sakte hain.
0712	Kela vaastav mein ek berry hai.
0713	Saabut gehoon ki bread mein safed bread se adhik fibre hota hai.
0714	Cheentiyan udne waale keet hain.
0715	Kam se kam chaar sheron ke samooh ko pride (jhund) kaha jaata hai.
0716	Pankh duniya ki sabse halki cheez hai.
0717	Brahmaand lagbhag poori tarah hydrogen se bana hai.
0718	Maanav shareer par aur uske bheetar rehne waale jeev-roop prithvi par maujood manushyon se adhik hain.
0719	Heere vaastav mein utne durlabh nahin hain jitna log sochte hain.
0720	Jab barf ke tukde pighalte hain, to gilaas mein paani ka star neeche chala jaata hai.
0721	Haathi hi ekmaatra aisa jaanwar hai jiski soond hoti hai.
0722	Gecko ko doosre jaanwaron ki tarah lagaataar paani peete rehna padta hai.
0723	Flu ka teeka mrit viruson se banaaya jaata hai.
0724	Manushya prithvi par ekmaatra stanadhaari hai jiski maadayein garbhaavastha ke dauraan aur prasav ke baad bhi doodh banaati hain.
0725	Prithvi ke sabhi mahaasaagar aapas mein jude hue hain.
0726	Thande fridge mein bhojan vaastav mein jaldi sadta hai.
0727	Manushya aur meethe paani ki dolphin hi aise gyaat jeev hain jo aansoo bahaakar rote hain.
0728	Synesthesia waale log aksar bataate hain ki sankhyaon ya aksharon ke baare mein sochte samay unhein rang anubhav hote hain.
0729	Hiran kabhi haathiyon ke aakaar ke hote the.
0730	Kele aksar naashte (snack) ke roop mein khaaye jaate hain.
0731	Seal aur oodbilaav sote samay aksar haath pakad lete hain taaki behkar bahut door na chale jaayein.
0732	Wine ko apna rang angoor ke chhilkon se milta hai, angoor ke andar ke ras se nahin.
0733	DNA ke maamle mein chimpanzee aur manushya ek-doosre ke usse adhik kareeb hain jitna manushya gorilla ke kareeb hai.
0734	Chaandi ka ghanatva paani se kam hota hai.
0735	Ghode shaakaahaari hote hain aur unka pet chaar kakshon waala hota hai.
0736	Nar turkey sambhog ke mausam mein maadaon ko aakarshit karne ke liye «gobble» jaisi aawaaz nikaalte hain.
0737	Badi vastuon par chhoti vastuon ki tulna mein kam vaayu pratirodh padta hai.
0738	Baahri kaan dhvani tarangon ko pakadta hai aur unhein madhya kaan ki or bhejta hai.
0739	Billiyan samudra ka paani pee sakti hain.
0740	Nar dariyaai ghode kabhi-kabhi chhote dariyaai ghodon ko maar daalte hain.
0741	Tote kisi bhi anya pakshi prajaati ke saath sambhog karke jeevanksham santaan paida kar sakte hain.
0742	Choohon ne prithvi par kisi bhi anya stanadhaari se adhik kshetra par kabza kiya hai.
0743	Gaajaron ko mool roop se baingani rang ke liye ugaaya (prajanit kiya) gaya tha.
0744	Adhikansh jaanwar insaani madad ke bina upyukt saathi nahin dhoondh paate.
0745	Maada pille aksar usi koode (litter) ke nar kutte se doodh peeti hain.
0746	Beaver ke daant lakdi chabaane ke liye vishesh roop se anukoolit hote hain.
0747	Nishechit murgi ke ande mein murgi banaane ke liye aavashyak saari aanuvanshik jaankaari hoti hai.
0748	Saada paani un gine-chune taral padaarthon mein se hai jinki salaah dant chikitsak brush karne ke baad daant dhone ke liye dete hain.
0749	Patta jitna chhota hoga, gardan par dabaav utna hi adhik hoga.
0750	Moongphali ka makkhan takneeki roop se ek phali (dalhan) hai, meva nahin.
