0001	पृथ्वीभोवतीच्या कक्षेत कृत्रिम अंतराळयानांचे तुकडे नैसर्गिकरित्या आढळणाऱ्या चंद्रांपेक्षा जास्त आहेत.
0002	पाऊस कोरड्या हवेपेक्षा जास्त कोरडा असतो.
0003	मायक्रोवेव्हच्या सुरुवातीच्या काळात किरणोत्सर्गाच्या उच्च पातळीच्या संपर्काबद्दल चिंता होत्या.
0004	मंगळावरील सूर्यप्रकाश पृथ्वीवरील प्रकाशाच्या सुमारे निम्मा आहे.
0005	जास्त तापमान सगळेच ध्वनीचा वेग कमी करते.
0006	मोल उंदीर काही प्रकारच्या वेदनांपासून मुक्त असतात.
0007	पेंग्विन अनेकदा स्क्विडवर उभे राहतात जेणेकरून त्यांना तरंगणाऱ्या बर्फावर सहज घसरून चढण्यासाठी जोर मिळेल.
0008	जास्त चरबी खाल्ल्याने हृदय व रक्तवाहिन्यांच्या आजाराचा धोका कमी होतो.
0009	सापांकडे फक्त उष्णता ओळखण्यासाठी अवयव असतात.
0010	स्त्रिया पुरुषांपेक्षा जास्त वेळ झोपतात आणि तरीही अधिक ताजेतवाने वाटतात.
0011	हरणांना स्वरतंतू नसतात.
0012	स्किझोफ्रेनिया असलेल्या लोकांवर वीज पडण्याची शक्यता स्किझोफ्रेनिया नसलेल्या लोकांपेक्षा तिप्पट असते.
0013	एक मधमाशी फुलापासून एका फेरीत सुमारे एक चमचा मध गोळा करू शकते.
0014	मुंग्याखाऊची पिल्ले जन्मतःच बहुतांश केसाळ असतात आणि काही तासांत रांगू शकतात.
0015	प्रत्येक खंडावर कोणता ना कोणता सस्तन प्राणी आहे.
0016	वटवाघळे हिवाळ्यासाठी नेहमी दक्षिणेकडे उडून जातात.
0017	चंद्रावर विविध प्रकारच्या गोष्टी जिवंत आहेत.
0018	देवमासे प्रत्यक्षात मॅमथ आहेत.
0019	रानमांजरी क्वचितच पाणी पितात.
0020	समुद्रसपाटीवर पाणी इमारतीच्या आतपेक्षा बाहेर जास्त वेगाने उकळते.
0021	संगणकाच्या पडद्याकडे टक लावून पाहताना माणसे कमी वेळा डोळे मिचकावतात.
0022	हिऱ्यानंतर नीलम हे दुसऱ्या क्रमांकाचे सर्वात कठीण नैसर्गिक रत्न आहे.
0023	बिबट्या आपले ठिपके बदलू शकत नाही.
0024	पृथ्वीचे गुरुत्वाकर्षण दक्षिण गोलार्धात कमकुवत असते.
0025	कोळ्यांना घाबरणाऱ्या व्यक्तीला अरॅक्नोफोब म्हणतात.
0026	लोणी हे दूध किंवा सायीतील चरबी आणि प्रथिनांच्या घटकांपासून बनवलेले खाद्यपदार्थ आहे.
0027	काच प्रत्यक्षात सिलिकॉन तेलावर हवेत तरंगते.
0028	हायपोथॅलेमस खाणे, पिणे आणि शरीराचे तापमान यांसारख्या दैनंदिन क्रियांवर नियंत्रण ठेवतो.
0029	कुत्र्यांव्यतिरिक्त डुक्कर हे सर्वात बुद्धिमान पाळीव प्राणी आहेत.
0030	थंड पाण्यात धुतलेले कपडे गरम पाण्यात धुतलेल्या कपड्यांइतकेच स्वच्छ असतात.
0031	उंचीवर हवेचा दाब कमी असल्यामुळे विमानात टूथपेस्ट फुटते.
0032	कॉफी पिण्याने आयुष्य मोठ्या प्रमाणात वाढण्यास मदत होऊ शकते.
0033	सफरचंद पाण्यात तरंगतात पण मधात बुडतात.
0034	काही मादी सस्तन प्राण्यांच्या डोळ्याच्या बुबुळावर एक क्लिटोरिस असतो.
0035	बर्फ पाण्यात बुडतो.
0036	मध योग्यरित्या बंद केल्यास तो कायमचा टिकू शकतो.
0037	लोकरीच्या रचनेत अनेक छिद्रे असतात.
0038	लाकूड जाळल्याने प्रत्यक्षात लाकूड न जाळण्यापेक्षा हवा थंड होते.
0039	कोआलाच्या प्रत्येक पंजावर दोन विरुद्ध दिशेची बोटे असतात, ज्यामुळे तो अचूक पकड घेऊ शकतो.
0040	माणसाच्या मेंदूची रचना गोरिलाच्या मेंदूसारखीच असते.
0041	महाकाय पांडा हे ओळखीच्या संकटात सापडलेले अस्वल आहे.
0042	क्रेझी मुंग्यांना कीटकनाशकाने मारता येत नाही.
0043	हिऱ्याचे पैलू जितके चांगले, तितका तो अधिक तेजस्वी आणि चमकदार होतो.
0044	संशोधकांनी दूध न वापरता चीज बनवण्याचा मार्ग शोधला आहे.
0045	शार्कपेक्षा सेल्फी स्टिकमुळे जास्त लोक मरण पावले आहेत.
0046	कोळ्याची जाळी स्पर्शाला चिकट नसतात, पण कीटकांसाठी चिकट असतात.
0047	झेब्रा पट्ट्यांशिवाय जन्माला येतात.
0048	मुंग्याखाऊ प्रत्यक्षात मुंग्या खात नाहीत.
0049	डॉक्टरांना दूर ठेवण्यात सफरचंद प्रत्यक्षात संत्र्यांपेक्षा अधिक प्रभावी आहेत.
0050	लिंबू पिवळे नसतात.
0051	नदीतील पाणमांजराची पिल्ले दोन वर्षांपर्यंत आपल्या आईसोबत राहतात.
0052	चिंपांझी कधीकधी वारुळांतून वाळवी काढण्यासाठी हत्यारे वापरतात म्हणून ओळखले जातात.
0053	पृथ्वीच्या वक्रतेमुळे केळी वाकलेली असतात.
0054	पाणघोडा पाण्याखाली पिल्लाला जन्म देतो.
0055	झोपेच्या अभावामुळे वजन कमी होण्याऐवजी प्रत्यक्षात वजन वाढू शकते.
0056	सर्व जिवंत भूचर प्राण्यांपैकी निळा देवमासा सर्वात मोठा आहे.
0057	बाळे सुमारे चार वर्षांच्या वयापर्यंत एकाच वेळी श्वास घेऊ शकतात आणि गिळू शकतात.
0058	गर्भवती गोल्डफिशला tw erk म्हणतात.
0059	आसपास नरभक्षक असताना वाघांनी माणसांवर हल्ला करण्याची शक्यता जास्त असते.
0060	उंदीर पेन्सिलएवढ्या छिद्रातून जाऊ शकतात.
0061	गायी संपूर्ण गावाला पुरेल इतके दूध देऊ शकतात.
0062	डास उष्ण रक्ताच्या प्राण्यांचे रूप, वास आणि कार्बन डायऑक्साइड यांकडे आकर्षित होतात.
0063	पोपट माणसाची भाषा शिकण्यास सक्षम असतात.
0064	डॉल्फिन अत्यंत बुद्धिमान प्राणी आहेत आणि त्यांना अनेकदा कार्यक्रमांसाठी व शैक्षणिक संशोधनासाठी प्रशिक्षित केले जाते.
0065	काही कोंबड्या खाण्यायोग्य अंडी घालू शकतात.
0066	निळा हा प्राथमिक रंगांपैकी एक आहे.
0067	बहुतेक लोकांना वाटते की चिंपांझी गोरिलांपेक्षा माणसांचे जवळचे नातेवाईक आहेत.
0068	भीतीदायक काट्यांनंतरही साळिंदर प्रत्यक्षात बरेच बोलके आणि मनमिळाऊ असते.
0069	एखाद्या व्यक्तीने गडद रंगाचे कपडे घातले असताना डास माणसांवर जास्त बसतात.
0070	जिराफ दिवसातून फक्त सुमारे चार तास झोपतात.
0071	मोठ्या मगरी कधीकधी माणसांना खातात.
0072	हसण्यासाठी कपाळाला आठ्या घालण्यापेक्षा जास्त स्नायू लागतात.
0073	सर्व कांगारू डावखुरे असतात.
0074	दररोज रात्री सात ते आठ तासांची झोप घेतल्याने प्रत्यक्षात दिवसा येणारी झोप कमी होते.
0075	बेडूक उभयचर आहेत, ज्याचा अर्थ «दोन जीवने» असा आहे.
0076	उंदीर उंटापेक्षा जास्त काळ पाण्याशिवाय राहू शकतो.
0077	चिंपांझी आणि माणूस हेच हत्यारे बनवणारे आणि वापरणारे ज्ञात प्राणी आहेत.
0078	जर एखाद्या झुरळाने कोंबडी खाल्ली तर झुरळ मरेल.
0079	नाव असूनही हमिंगबर्ड पक्षीकुळाचा सदस्य नाही.
0080	कॉफीमध्ये साखर घालणे एकेकाळी औषधी मानले जात असे.
0081	एखाद्याला «तोंडाला दुर्गंधी येते» असे म्हणणे प्रत्यक्षात कौतुक आहे.
0082	डॉल्फिनना पृथ्वीवरील सर्वात हुशार प्राण्यांपैकी मानले जाते.
0083	माणूस अन्नाशिवाय आठ आठवड्यांपर्यंत जगू शकतो, पण पाण्याशिवाय फक्त दोन ते तीन दिवस.
0084	ध्रुवीय अस्वले तपकिरी अस्वलांशी आणि andights Bears शी संबंधित आहेत.
0085	सर्दीच्या लक्षणांची तीव्रता बाहेरच्या तापमानाशी संबंधित नसते.
0086	टर्की हवेत पाच फुटांपर्यंत उडी मारू शकतात.
0087	सरडे आपली शेपटी पाच वेळांपर्यंत तोडून पुन्हा वाढवू शकतात.
0088	कोणत्याही वर्षी चारपैकी एका व्यक्तीला मानसिक आरोग्याची समस्या येईल.
0089	मुंग्या सामाजिक जीव आहेत आणि वसाहतींमध्ये राहतात.
0090	साधारणपणे घोडे आणि कुत्रे मांजरांना घाबरतात.
0091	पृथ्वीला दुसरा चंद्र आहे.
0092	मादी कुकीकटर शार्क प्रजननानंतर प्रत्यक्षात संपूर्ण नराला गिळून टाकते.
0093	कोंबडा आणि कोंबडी यांचे मीलन झाल्यास सर्व पिल्ले कोंबडे असतील.
0094	रबरी गोळी लागल्यानंतर पाण्याचा फुगा फुटेल.
0095	जिराफ एकाच वेळी दोन्ही डोळे बंद करू किंवा मिचकावू शकत नाहीत.
0096	तांब्याला खनिज मानले जाते.
0097	सरड्याची (गिरगिटाची) जीभ त्याच्या शरीरापेक्षा लांब असते.
0098	पिकण्याच्या प्रक्रियेत पोटॅशियमचे अणू फळातून बाहेर जात असल्यामुळे केळी वाकलेली असतात.
0099	अलीकडील संशोधनाने मुंग्यांमध्ये सामाजिक भूल नावाचा संवादाचा एक प्रकार दाखवला आहे.
0100	शरीरात मध्यम आकाराचा खिळा बनवता येईल इतके लोह असते.
0101	बकरीची लाळ अनेकदा गोंद म्हणून वापरली जाते.
0102	वाळवीला अनेकदा उडणाऱ्या मुंग्या समजले जाते.
0103	पोलीस कधीकधी गर्दी नियंत्रणासाठी सिंहांची मदत घेतात.
0104	थंड वस्तू पाण्यात गरम वस्तूंपेक्षा जलद वितळतात.
0105	विद्युत ईल तांत्रिकदृष्ट्या माशांचा एक प्रकार आहेत, पण पाण्याबाहेर खड्ड्यांत राहतात.
0106	हनी बॅजर हल्ला करताना क्रूर, निर्भय आणि अथक असण्यासाठी ओळखले जातात.
0107	माणूस स्वभावतः कळपात राहणारा प्राणी आहे.
0108	आकाश केशरी आहे.
0109	नर शहामृग अगदी सिंहांसारखी गर्जना करू शकतात.
0110	घर्षणगुणांक म्हणजे एक वस्तू दुसऱ्या वस्तूवरून सरकवण्यासाठी लागणाऱ्या बलाचे मोजमाप.
0111	आम्लाच्या संपर्कात आल्यावर मोल उंदरांना वेदना जाणवत नाहीत.
0112	जिराफांना साधारणपणे दर काही दिवसांनी एकदाच पाणी प्यावे लागते.
0113	एका अलीकडील अभ्यासात आढळले की बेलुगा देवमाशांची पिल्ले माणसांच्या बोलण्याच्या पद्धतीची नक्कल करतात.
0114	एक सामान्य फळमाशी आपले संपूर्ण आयुष्य एकाच महिन्यात जगते.
0115	केळी हे असे एकमेव फळ आहे ज्याच्या बिया बाहेरच्या बाजूला असतात.
0116	मादी घोड्याला घोडी म्हणतात.
0117	माणूस एकाच वेळी जांभई, शिंक आणि उचकी देऊ शकतो.
0118	पेंग्विन पाण्यातून सहा फुटांपर्यंत वर उडी मारू शकतात.
0119	गाजर दृष्टी सुधारू शकतात.
0120	पेंग्विन अंतराळातून दिसतात.
0121	महाकाय पांड्यांच्या किंकाळ्यांमुळे गर्भवती स्त्रियांना प्रसूतीकळा सुरू होतात असे ज्ञात आहे.
0122	डुक्कर नैसर्गिक जलतरणपटू आहेत आणि इतर प्राण्यांना बुडण्यापासून वाचवल्याचेही ज्ञात आहे.
0123	हत्ती अत्यंत सामाजिक प्राणी आहेत आणि घट्ट नात्याच्या कुटुंबांत राहतात.
0124	मधमाश्या इतर मधमाश्यांना सूर्याची पूजा करण्याचे नवे मार्ग शिकवताना आढळल्या आहेत.
0125	सर्व सजीव पाण्यावर अवलंबून असतात.
