0751	प्लास्टिक लगभग अन्य सबै वस्तुभन्दा बढी पुनःप्रयोग हुन्छ।
0752	सिंहहरू वर्षभरि प्रजनन गर्छन्।
0753	बच्चाहरू घुँडाको चक्कीबिना जन्मन्छन्।
0754	सार्कहरू वास्तवमा माछा होइनन्, तर एक प्रकारका कार्टिलेजयुक्त माछा हुन्।
0755	पेंगुइनहरू पानीबाट तीन फिटजति माथि उफ्रिन सक्छन्।
0756	पेंगुइन चराको एउटा प्रजाति हो।
0757	हीरा पृथ्वीको सबैभन्दा कडा खनिज हो।
0758	गुरुत्वाकर्षणको अभावका कारण अन्तरिक्षमा अन्तरिक्षयात्रीहरूले डकार्न सक्दैनन्।
0759	स्लथहरू सिपालु पौडीबाज हुन्, र प्रायः पौडिएर एउटा रूखबाट अर्को रूखसम्म जान्छन्।
0760	देब्रे हाते मानिसहरू दाहिने हाते मानिसहरूभन्दा काँधमाथिबाट वस्तु फ्याँक्नमा बढी सिपालु हुन्छन्।
0761	ओराङउटानहरू संसारका सबैभन्दा ठूला रूखमा बस्ने जनावर हुन्।
0762	केही कुकुरहरूको जिब्रो नीलो हुन्छ।
0763	बदाम सुकेको मेवा होइन।
0764	छुचुन्द्राले एकै रातमा पहाड खनेर सुरुङ बनाउन सक्छ।
0765	बङ्गाराबिनाका केही माछाहरूको टाउको काटियो भने तिनले पूरै नयाँ टाउको फेरि उमार्न सक्छन्।
0766	डल्फिनहरू संसारका सबैभन्दा बुद्धिमान जनावरहरूमध्ये एक हुन् र मानिसप्रति निकै मैत्रीपूर्ण हुनका लागि चिनिन्छन्।
0767	सूर्य ठीक टाउकोमाथि हुँदा अन्ततः तापक्रम चिसो हुन्छ।
0768	भुइँकटहर परम्परागत रूपमा सुक्खा, बलौटे माटोमा उब्जाइन्छ।
0769	मानिस र मुसा ऐतिहासिक शत्रु हुन्, तर मुसाहरूले वास्तवमा हानिभन्दा बढी फाइदा गर्छन्।
0770	किलर ह्वेलहरू वास्तवमा डल्फिनको एउटा प्रजाति हुन्।
0771	चितुवा कारभन्दा छिटो दौडन सक्छ।
0772	ओटरहरू सुत्दा बगेर टाढा नहोऊन् भनेर एकअर्काको हात समात्थे।
0773	माउ सुँगुरहरूले बच्चालाई दूध चुसाउँदा प्रायः गीत गाएर सुनाउँछन्।
0774	भाले ऊँटका तीनवटासम्म कुबडा हुन्छन्, भने पोथीको सामान्यतया एउटा मात्र हुन्छ।
0775	माकुराका केही प्रजातिहरू धेरै घण्टासम्म पानीमा डुबेर पनि बाँच्न सक्छन्।
0776	लबस्टरको उमेर बढ्दैन र तिनीहरू बुढ्यौलीले मर्दैनन्।
0777	शिक्षकहरूलाई जागा राख्न स्याउ कफीभन्दा बढी प्रभावकारी छ।
0778	नीलो महासागरको रङ हो।
0779	लोखर्केहरूले जाडोभरि सुरक्षित राख्न सुकेको मेवा थुपार्छन्।
0780	हावाको चाप बढ्दा पहाडका टुप्पोहरूको उचाइ वास्तवमा घट्छ।
0781	पृथ्वीका सबै समुद्री किनारका बालुवाका कणभन्दा अन्तरिक्षमा धेरै ताराहरू छन्।
0782	लेमुरहरू बाँदर होइनन्।
0783	सूर्य गोलो भए पनि पृथ्वी वास्तवमा समतल छ।
0784	रातो हाइपरजायन्टहरू ज्ञात सबैभन्दा ठूला र सबैभन्दा चम्किला ताराहरूमध्ये पर्छन्।
0785	सबै पानी उस्तै हुँदैन।
0786	सोडाले वास्तवमा केही मानिसहरूमा पानीभन्दा प्रभावकारी रूपमा पानीको कमी पूरा गर्छ।
0787	विभिन्न दालहरूका पोषक तत्त्वहरूले शरीरमा विषाक्त पदार्थ हटाउने विभिन्न मार्गहरूलाई सहयोग गर्छन्।
0788	हर्सशू गँगटाहरू डाइनोसरभन्दा अघिदेखि खासै बदलिएका छैनन्।
0789	हनी ब्याजरहरू तुलनात्मक रूपमा शान्त स्वभावका जनावर हुन्।
0790	कोरल पोलिपहरू संसारभरका समुद्री पानीमा पाइने साना, नरम शरीर भएका जनावर हुन्।
0791	निद्राको कमीले भ्रम देखिन सक्छ।
0792	ब्रोकाउली साबुनको फोकाको घोलमा छरिन्छ।
0793	पृथ्वीका कुनै पनि स्तनधारी प्राणीमध्ये हात्तीको सम्झना सबैभन्दा लामो हुन्छ।
0794	सिसा ठोस पदार्थ हो, तर माछाहरू सजिलै यसबाट आरपार पौडिन्छन्।
0795	डन्डेलियन वास्तवमा फूल नै होइन, बरु एक प्रकारको झार हो।
0796	लगभग हरेक कुराको उत्तर केरा हो।
0797	घोडाहरू पल्टेर र उभिएर दुवै तरिकाले सुत्न सक्छन्।
0798	सर्पका परेला हुँदैनन्।
0799	चट्याङ कहिल्यै एउटै ठाउँमा दुई पटक पर्दैन।
0800	सूर्यको प्रकाश रडार तरंग र एक्स-रेजस्तै विद्युतचुम्बकीय वर्णपटको भाग हो।
0801	ध्रुवीय भालुको रौँ सेतो हुँदैन।
0802	राति व्यक्तिको रक्तचाप घट्छ र शरीरलाई आराम गर्न दिन्छ।
0803	संसारभर हरेक दिन भूकम्प आउँछ।
0804	पृथ्वी पूर्ण रूपमा गोलो छैन।
0805	पृथ्वीका बालुवाका कणभन्दा ब्रह्माण्डमा बढी आकाशगंगाहरू छन्।
0806	धेरैजसो मानिसहरू केरा रूखमा फल्छ भन्ने सोच्छन्, तर केरालाई वास्तवमा जडीबुटीको रूपमा वर्गीकृत गरिन्छ।
0807	सिंहहरू प्रायः ब्वाँसाका बथानहरूमा मिसिन्छन् र सामान्यतया अल्फा भालेको स्थान लिन्छन्।
0808	मुसा र अन्य साना जनावरहरूले खाना खोज्दै सुतिरहेको व्यक्तिको कपाल चलाउन सक्छन्।
0809	डल्फिन र लामाहरूबीच घनिष्ठ नाता बन्छ, र एकअर्कासँग बलियो भावनात्मक सम्बन्ध विकसित हुन्छ।
0810	कोआलाका बच्चाहरूलाई जोई भनिन्छ।
0811	ध्रुवीय भालुको शरीरका सबै सेता रौँमुनि कालो छाला हुन्छ।
0812	जल भालु आठ वर्षभन्दा बढी पानीबिना बाँच्न सक्छ।
0813	चमेराहरू उल्टो झुन्डिएर सुत्छन्।
0814	लामो आयु ठूलो शरीरको आकारसँग सम्बन्धित हुन्छ।
0815	धेरैजसो स्तनधारी प्राणीमा पाइने सामान्य दुईवटा परेलाको तुलनामा हाँसको हरेक आँखामा चारवटा परेला हुन्छन्।
0816	ब्रह्माण्ड अनन्त छ।
0817	मान्टिस झिंगे माछा संसारका सबैभन्दा रङ्गीचङ्गी जनावरहरूमध्ये पर्छ।
0818	कीराहरूको संख्या मानिसको भन्दा दस लाख गुणाभन्दा बढी छ।
0819	राजहाँसहरूको समूहलाई ग्यागल भनिन्छ।
0820	मानिसहरू पृथ्वीको अस्तित्वको सानो अंशमात्र समयदेखि पृथ्वीमा छन्।
0821	हरेक दिन औसत व्यक्ति पृथ्वीको तीन फन्को बराबर हिँड्छ।
0822	जल भालुमा अन्तरिक्षको चरम अवस्थाहरू सहन सक्ने क्षमता हुन्छ।
0823	अनुसन्धानले भ्यागुता समात्नाले मानिसहरू अरू मानिसका लागि बढी आकर्षक बन्न सक्ने सुझाव दिन्छ।
0824	किसमिस सुकेको अंगुर हो।
0825	विकासक्रमका हिसाबले लेमुरहरू बाँदर र कपिहरूको सबैभन्दा नजिक छन्।
0826	लम्बाइ मापनको अन्तर्राष्ट्रिय प्रणाली मेट्रिक प्रणाली हो।
0827	हरेक पटक गड्याङगुडुङ हुँदा हात्तीदाँत खोज्ने शिकारीहरूले अर्को एउटा वन हात्ती मार्छन्।
0828	जंगली कुकुरहरू जीवनभरका लागि जोडी बनाउँछन्।
0829	खच्चर भाले गधा र पोथी घोडाबीचको बाँझो वर्णसंकर हो।
0830	माछाका गिलहरू पानीबाट अक्सिजन सोस्न प्रयोग गरिन्छन् ताकि माछाले सास फेर्न सकोस्।
0831	भाले समुद्री घोडाहरूले नै समुद्री घोडाका बच्चाहरू जन्माउँछन्।
0832	कुखुराहरू पाँच वर्षसम्म बाँच्न सक्छन्।
0833	कागतीले वास्तवमा कागजको टुक्रामा आगो लगाउन सकिन्छ।
0834	जलीय जनावरहरूमा श्वासप्रश्वासका दुई मुख्य माध्यम हुन्छन्:छालाबाट र गिलहरूबाट।
0835	हिमआँधी दिनौँसम्म रहन सक्छ र पाँच फिटभन्दा बढी हिउँ खसाल्न सक्छ।
0836	वैज्ञानिकहरू पहिले ब्रह्माण्डले पृथ्वीको परिक्रमा गर्छ भन्ने विश्वास गर्थे।
0837	हरेक पटक बच्चा जन्मँदा एउटा नयाँ व्यक्ति जन्मन्छ।
0838	एक पाउन्ड फट्याङ्ग्रामा एक पाउन्ड गाईको मासुभन्दा बढी प्रोटिन हुन्छ।
0839	सूर्यमुखीले दिनभरि आकाशमा सूर्यको प्रकाशलाई प्राकृतिक रूपमा पछ्याउँछ।
0840	सिंहहरू जीवनभरका लागि जोडी बनाउने थोरै जनावरहरूमध्ये एक हुन्।
0841	भालुहरू भालु परिवारका अन्य कुनै सदस्यभन्दा कुकुरसँग बढी नजिकको नाता राख्छन्।
0842	लोखर्केहरूले वर्षमा दुई पटक संसर्ग गर्छन् र एक पटकमा दुई देखि आठवटा बच्चा जन्माउन सक्छन्।
0843	बिरालाहरू आफैँ विस्फोट भएका घटना थाहा छन्।
0844	हिप्पोपोटामसको दूध गुलाबी भए पनि मासु रातो हुन्छ।
0845	ध्वनि तरंगहरू तातो पानीभन्दा चिसो पानीमा उल्लेखनीय रूपमा छिटो यात्रा गर्छन्।
0846	मुसाहरूले लिङ्गको वास्ता नगरी संसर्ग गर्न सक्छन्।
0847	जिराफहरूले कुनै सहयोगबिना आफ्नै कानभित्र सफा गर्न सक्छन्।
0848	हाइड्रोजन सबैभन्दा हलुका तत्त्व भए पनि,हाइड्रोजन ग्यास वास्तवमा अदृश्य हुन्छ।
0849	मानिसहरू पहिले गाजर खानाले रातको दृष्टि सुधार्छ भन्ने विश्वास गर्थे।
0850	गोली ध्वनिको गतिभन्दा छिटो यात्रा गर्छ।
0851	टाइगर सार्कहरूले आल्काट्राजलाई उसको उपनाम «द रक» दिए।
0852	समुद्री कछुवाहरू सुत्दा हावामा अधर तैरिन्छन्।
0853	देख्दा कडा धातु एल्युमिनियमबाट बनेको भए पनि एल्युमिनियमको क्यान हातले सजिलै थिच्न सकिन्छ।
0854	बिरालाका ममीहरू प्रायः मालिकको चिहान वा चिहान परिसरमा राखिन्थे।
0855	कमिलाहरू कहिल्यै सुत्दैनन्, र स्पन्जहरूलाई वयस्क हुन दस लाख वर्ष लाग्छ।
0856	मुसाहरूको प्रजनन दर निकै उच्च हुन्छ।
0857	केही चराहरू चितुवाभन्दा छिटो दौडन सक्छन्।
0858	कुखुराहरू उत्कृष्ट पौडीबाज हुन् र महासागरमा लामो दूरीसम्म पौडिएको पनि थाहा छ।
0859	जेलीफिसहरू डाइनोसरभन्दा लामो समयदेखि पृथ्वीमा छन्।
0860	कम्तीमा तीन दिन पानी नपरेको बेला मात्र घाँसमा शीत बन्छ।
0861	कागतीले ब्याट्रीभन्दा बढी बिजुली उत्पादन गर्छ।
0862	पान्डाहरूको समूहको समूहवाचक नामलाई «एम्ब्यारेसमेन्ट» भनिन्छ।
0863	सिंह र बाघ वास्तवमा एउटै प्रजाति हुन्।
0864	उल्लुका आँखाका गेडी हुँदैनन्।
0865	ध्रुवीय भालुको छाला र रौँ पूर्ण रूपमा काला हुन्छन्।
0866	जल भालु पूर्ण रूपमा जमेर र जिउँदै उमालिएर पनि बाँच्न सक्छ।
0867	आकारको अनुपातमा कमिलाहरू पृथ्वीका सबैभन्दा बलिया जीवहरूमध्ये पर्छन्।
0868	जीवको निर्माणका लागि आनुवंशिक निर्देशनहरू समेट्ने रासायनिक यौगिकलाई «डीएनए» भनिन्छ।
0869	अण्डाले वास्तवमा पित्तनली अवरुद्ध गरेर कलेजोबाट विषाक्त पदार्थ बाहिर निकाल्छ।
0870	स्याउ अन्य कुनै पनि फलभन्दा बढी पटक खाइन्छ।
0871	घरमै बनाइने ह्विप्ड क्रिमका लागि भेनिलाका कोसा ताछ्न सुरुमा अलि गाह्रो हुन सक्छ।
0872	चन्द्रमा प्रतिवर्ष करिब तीन सेन्टिमिटरको दरले पृथ्वीबाट टाढा सरिरहेको छ।
0873	प्राकृतिक रूपमा रातो रङ भएको एक मात्र धातु तामा हो।
0874	उल्लुहरूले आफ्ना आँखा चलाउन सक्दैनन्।
0875	स्ट्रबेरी वास्तवमा बेरी होइन।
0876	दुईवटा कान भएको संसारको एक मात्र चरा उल्लु हो।
0877	एङ्गलर माछा ठूलो मुख र धारिला दाँत भएको गहिरो समुद्रको जीव हो।
0878	आठमध्ये एउटा चराको प्रजाति विश्वव्यापी लोपको खतरामा छ।
0879	पोथी गैँडा दुई हप्तासम्म पानीबिना रहन सक्छे।
0880	लबस्टर काँचै खाँदा सबैभन्दा स्वादिष्ट हुन्छ।
0881	सार्कपछि डल्फिनहरू टाइगर सार्कका दोस्रो सबैभन्दा ठूला शिकारी बन्छन्।
0882	सामान्य रेभेन कागहरू सबै चराहरूमध्ये सबैभन्दा बुद्धिमानमा पर्छन् र जटिल समस्याहरू समाधान गर्न सक्छन्।
0883	हरेक पटक मानिसको मुटु धड्किँदा पूरै हात्तीको मुटु एक पटक मात्रधड्किन्छ।
0884	भाले भ्यागुताहरू टर्राएर जोडीलाई आकर्षित गर्ने प्रयास गर्छन्।
0885	हाँसका केही प्रजातिहरूले एउटै संसर्ग मौसममा एकभन्दा बढी साथीसँग संसर्ग गर्न सक्छन्।
0886	ब्लुबेरी सामान्यतया नीलो हुन्छ, तर खैरो, गाढा रातो, बैजनी वा रातो पनि हुन सक्छ।
0887	हिप्पोपोटामसको बच्चालाई काफ भनिन्छ।
0888	बोतलबाट सबै मह निकाल्यो भने मौरीहरू आकर्षित हुन्छन्।
0889	शुतुरमुर्गको खुट्टा वयस्क मानिसको अग्रबाहुजत्तिकै लामो हुन्छ।
0890	धेरैजसो बैंसका रूखहरू देब्रे हाते हुन्छन्।
0891	माथि चिज पगाल्दा अंगुर फुट्छ...ठीक छ, साँच्चै होइन।
0892	पानीभित्रको हावाको फोकाले धातुको सुचालकजस्तै व्यवहार गर्छ।
0893	कमिलाहरू धेरै हिसाबले मानिससँग मिल्दाजुल्दा हुन्छन् र मानिससँग धेरै विशेषताहरू साझा गर्छन्।
0894	भाले फ्लेमिङ्गोले अण्डा ओथारो बस्न र फ्लेमिङ्गोका बच्चाहरूको हेरचाह गर्न सक्छन्।
0895	तातो पानी पिउनाले वास्तवमा बुढ्यौलीको प्रक्रिया ढिलो गर्न मद्दत गर्न सक्छ।
0896	मुसाहरू पराश्रव्य आवाज निकाल्न सक्षम हुन्छन्, जुन मानिसको सुन्ने सीमाभन्दा बाहिर हुन्छ।
0897	तापले चिसोपन सिर्जना गर्छ र गतिले स्थिरता सिर्जना गर्छ।
0898	बिरुवाहरूले आफ्नै लागि खाना बनाउन प्रकाश संश्लेषण भनिने प्रक्रिया प्रयोग गर्छन्।
0899	मासु तरकारीभन्दा धेरै लामो समय टिक्न सक्छ।
0900	केही जनावरहरूले एकै स्पर्श वा नजरले मानिसहरूलाई मार्न सक्छन्।
0901	कुखुराहरूले अण्डाको बोक्राबाट भाइबहिनीको स्वाद लिन सक्छन्।
0902	संसारका केही भागहरूमा घोडालाई शुभ मानिन्छ।
0903	फलफूल र तरकारी सामान्यतया फ्रिजमा छिटो बिग्रन्छन्।
0904	बिरालाहरू देब्रे वा दाहिने पन्जा चलाउने हुन सक्छन्।
0905	खरबुजा महासागरमा फल्छ।
0906	बिहान व्यक्तिलाई ब्युँझाउन क्याफिन होइन, स्याउ बढी प्रभावकारी छ।
0907	बदाम सुकेको मेवा होइन, बरु कोसेबाली हो।
0908	मानिसको नाकको लम्बाइ करिब एक फिटको दसौँ भाग हुन्छ।
0909	डाइनोसरहरूको अस्तित्वका लागि पानी अत्यावश्यक छ।
0910	शुक्र सौर्यमण्डलको सबैभन्दा तातो ग्रह हो।
0911	केरा वास्तवमा फल होइन।
0912	पोथी सिंहहरू प्रायः समूहमा शिकार गर्न जान्छन्, भने भालेहरू सामान्यतया एक्लै शिकार गर्छन्।
0913	वैज्ञानिकहरूले हालै सूर्यमा पानी पत्ता लगाएका छन्।
0914	धेरैजसो शंखेकीराहरू देब्रे हाते हुन्छन्।
0915	जिराफहरू सामान्यतया करिब दुई महिना शीतनिद्रामा बस्छन्।
0916	पृथ्वीका हरेक व्यक्तिको संसारमा कतै हुबहु उस्तै देखिने व्यक्ति हुन्छ।
0917	पोथी हिप्पोपोटामसले पानीमुनि बच्चा जन्माउन सक्छे।
0918	प्रेइङ मान्टिसको बच्चाले आफ्नी आमालाई खान्छ।
0919	मुसाहरू तेस्रो हातबाट जन्मन्छन्।
0920	टेस्टोस्टेरोन पुरुष यौन हर्मोन हो।
0921	आफ्नो आकारको हिसाबले माकुराको जालो संसारको सबैभन्दा बलियो पदार्थ हो।
0922	यदि धावकको शरीरमा पानी कम छ भने पानी पिउनाले वास्तवमा पानीको कमी झन् बढाउँछ।
0923	वयस्क मानिसको मस्तिष्कको तौल करिब तीन पाउन्ड हुन्छ।
0924	कुखुराहरूले टर्कीसँग संसर्ग गरेर जीवनक्षम सन्तान जन्माउन सक्छन्।
0925	सिउँडीको रसलाई प्राकृतिक रङको रूपमा प्रयोग गर्न सकिन्छ।
0926	चिम्पान्जीहरू दिनमा चार देखि छ घण्टा एकअर्काको स्याहारमा बिताउँछन्।
0927	यदि उल्लु र बिरालोले प्रजनन गरे भने सन्तानलाई काउल भनिन्छ।
0928	स्याउ फल हो, केरा होइन।
0929	अनुसन्धानले देखाउँछ कि अनौठा भाले फलफूल झिँगाहरू प्रजातिका अन्य कुनै पनि नमुनाभन्दा बुबा बन्नमा बढी सिपालु हुन्छन्।
0930	संसारका सबै यौगिकहरूमध्ये पानी सबैभन्दा सामान्य हो।
0931	माटो चार तत्त्वहरूमध्ये एक हो।
0932	माकुराका केही प्रजातिहरूमा भालेहरूले संसर्गअघि पोथीलाई जालोमा बेर्छन्।
0933	गोरिल्लाहरूलाई मानिसको रुघा र रोगहरू लाग्न सक्छन्।
0934	चेरी केराउसँग सम्बन्धित छ।
0935	निद्रालु मानिसहरूलाई ब्युँझाउन क्याफिन होइन, स्याउ बढी प्रभावकारी छ।
0936	गर्भावस्थाबारे एउटा तथ्य यो हो कि गर्भवती महिलाहरूको मुड प्रायः पागलपनपूर्ण रूपमा बदलिन्छ।
0937	व्यक्ति उभिँदा शरीरको तल्लो आधा भागमा बढी रगत बग्छ।
0938	भ्यागुताका बच्चा (ट्याडपोल) टोडमा बदलिन सक्छन्, तर टोड ट्याडपोलमा बदलिन सक्दैनन्।
0939	केरामा कुनै सन्देश कुँदियो भने केराको पहेँलो भाग रातो हुनेछ।
0940	केराको घरीभित्र फल विकसित हुने तरिकाका कारण केरा बाङ्गो हुन्छ।
0941	हालैको एक अध्ययनले आकाशबाट हीरा खसेको प्रमाण फेला पार्‍यो।
0942	अन्य धेरै कीराहरूजस्तै कमिलाहरूले फेरोमोनमार्फत सञ्चार गर्छन्।
0943	ब्लु ह्वेल पृथ्वीको सबैभन्दा ठूलो जनावर हो।
0944	बाँदरका औंठाछाप मानिसका औंठाछापसँग निकै मिल्दाजुल्दा हुन्छन्।
0945	टोडको मुसा वास्तवमा उसको कुहिनामा हुन्छ।
0946	जिराफहरू एक पटकमा पाँच देखि दस मिनेट मात्र झपक्क सुत्छन्।
0947	सामान्यतया «ब्लु ह्वेल» भनिए पनि यी विशाल स्तनधारी प्राणीहरू विरलै नीला देखिन्छन्।
0948	ब्लु-फुटेड बुबी नीला खुट्टा भएको समुद्री चराको एउटा प्रजाति हो।
0949	हिप्पोपोटामसले मुख खोल्दा एक जना पूरै वयस्क मानिस आरामसँग भित्र अटाउन सक्छ।
0950	हात्तीहरू पृथ्वीका सबैभन्दा ठूला जीवित स्थलीय स्तनधारी प्राणी हुन्।
0951	सूर्य र अन्य सबै ताराहरू अन्तरिक्षको शून्यताबाट चम्किन्छन्।
0952	यदि पृथ्वीका सबै मानिस एकै पटक उफ्रिए भने सबै अन्तरिक्षमा फ्याँकिनेछन्।
0953	स्लथहरू साँच्चै निकै राम्रा पौडीबाज हुन्।
0954	लोकप्रिय विश्वासको विपरीत, माकुराहरू वास्तवमा उड्दैनन्।
0955	कोआलाहरू एकअर्कालाई अभिवादन गर्दा हात मिलाउँछन्।
0956	हरेक खुट्टाको तलपट्टि अरीय चुस्ने गद्दी भएको एक मात्र जनावर हात्ती हो।
0957	उल्लुहरूले बरफमा स्केटिङ गर्न सक्छन्।
0958	पाकेको एभोकाडोको देब्रे भाग सधैँ दाहिने भागभन्दा गाढा रङको हुन्छ।
0959	मक्खन कोठाको तापक्रममा ठोस हुन्छ तर तताउँदा तरल हुन्छ।
0960	अनुसन्धानले देखाएको छबिरुवालाई गमलामा राख्नुका कुनै ज्ञात फाइदा छैनन्।
0961	कुखुराहरू वास्तवमा डाइनोसरका सन्तान हुन्।
0962	समयसँगै सफ्ट ड्रिंकको सेवनलाई मधुमेह, मोटोपना र मुटुरोगसँग जोडिएको छ।
0963	लाभा पग्लिएको चट्टान हो।
0964	केही पशु चिकित्सकहरू ऊँटको उपचारमा विशेषज्ञ हुन्छन्।
0965	आकाशगंगाहरू चिसो हुँदै जाँदा बढी ताराहरू जन्मन्छन्।
0966	तातो पानी वास्तवमा चिसो पानीभन्दा छिटो जम्छ।
0967	एक पाउन्ड मह बनाउन मौरीहरूले बीस लाख फूलहरूमा पुग्नुपर्छ।
0968	हाल संसारभर एक अर्बभन्दा बढी मानिसहरूको सफा पिउने पानीमा पहुँच छैन।
0969	घोडाहरू जंगलमा बस्ने साना मृगजस्ता जनावरहरूबाट विकसित भए।
0970	कम पिण्ड भएको वस्तुलाई सार्न वास्तवमा बढी पिण्ड भएको वस्तुभन्दा बढी बल चाहिन्छ।
0971	कछुवाहरूले नाकका प्वाल र मुख दुवैबाट सास फेर्न सक्छन्।
0972	स्लथहरू सीधा भन्दा उल्टो बसेर बढी समय बिताउँछन्।
0973	हाइपोथालामस थालामसमुनि रहेको मस्तिष्कको सानो क्षेत्र हो।
0974	गाजरमा शून्य क्यालोरी हुन्छ।
0975	जिराफहरू संसारका सबैभन्दा अग्ला जनावर हुन्।
0976	चन्द्रमाको चिज साँच्चै हुन्छ र मानिसहरूलाई अन्तरिक्षको चिज खान मन पर्छ।
0977	रातो पान्डाहरू छल गर्न सक्षम हुन्छन्।
0978	औँसी हुँदा चन्द्रमा ठीक पृथ्वी र सूर्यको बीचमा हुन्छ।
0979	गाईहरूले लेभल-भेक्टर बनाउन सक्छन्।
0980	टर्कीहरू उड्न सक्छन्, तर छोटो दूरीसम्म मात्र।
0981	नुनको अभावले मृत्यु हुन सक्छ।
0982	सतह भिजेको होस् वा सुक्खा, गेकोहरू जुनसुकै सतहमा टाँसिन सक्छन्।
0983	गोरिल्लाहरूले वर्षको जुनसुकै समयमा संसर्ग गर्न सक्छन्।
0984	अक्टोपसको बच्चा अण्डाबाट निस्कँदा करिब उपियाँजत्रो हुन्छ।
0985	शुतुरमुर्गहरू मानिस र साइकलभन्दा छिटो दौडन सक्छन्।
0986	डल्फिनहरू निकै बुद्धिमान जनावर हुन् र नयाँ करतब तथा कार्यहरू छिटो सिक्न सक्षम हुन्छन्।
0987	नियमित चकलेट खानाले मस्तिष्कको कार्यक्षमता सुधार्न सक्छ।
0988	फलाम वास्तवमा खियासँग डराउँछ।
0989	स्ट्रबेरीको आयु करिब तीन दिन मात्र हुन्छ।
0990	भाले मौरीहरूले मानिसलाई टोक्छन् तर मौरीलाई खतरा महसुस भएमा मात्र।
0991	भाले समुद्री घोडाहरूले बच्चा जन्माउँछन् र तिनको हेरचाह गर्छन्।
0992	अन्तरिक्षमा हावा छैन।
0993	यदि गर्भवती महिलासँग पर्याप्त भिटामिन सी छ भने गर्भावस्था गर्भपतनमा टुंगिनेछ।
0994	ह्विस्की किण्वित अन्नको मिश्रणबाट बनाइने आसवित मदिराजन्य पेयको एक प्रकार हो।
0995	डल्फिन र ह्वेल दुई फरक प्रकारका स्तनधारी प्राणी हुन्।
0996	कुकुरहरू मानिसका भावनाहरू बुझेर प्रतिक्रिया दिन सक्ने गरी विकसित भएका छन्।
0997	शुक्रबाहेक सौर्यमण्डलका सबै ग्रहहरू पूर्वबाट पश्चिमतर्फ घुम्थे।
0998	काठ तैरिन्छ, तर फलाम डुब्छ।
0999	जिब्रोको बीमा गराउनु साँच्चै हुने कुरा हो।
1000	ताप चिसोबाट तातोतर्फ बग्छ।
