0501	ਨਰ ਕਤੂਰੇ ਅਕਸਰ ਮਾਦਾ ਕਤੂਰਿਆਂ ਤੋਂ ਪਹਿਲਾਂ ਜੰਮਦੇ ਹਨ।	نر کتورے اکثر مادا کتوریاں توں پہلاں جمدے ہن۔
0502	ਮਨੁੱਖੀ ਦਿਲ ਲਗਭਗ ਮੁੱਠੀ ਦੇ ਆਕਾਰ ਦਾ ਹੁੰਦਾ ਹੈ।	منکھی دل لگبھگ مٹھی دے آکار دا ہوندا اے۔
0503	ਸਿਰਫ਼ ਲਗਭਗ ਅੱਧੇ ਜਾਨਵਰਾਂ ਵਿੱਚ ਰੀੜ੍ਹ ਦੇ ਮਣਕੇ ਹੁੰਦੇ ਹਨ।	صرف لگبھگ ادھے جانوراں وچ ریڑھ دے منکے ہوندے ہن۔
0504	ਇੱਟਾਂ ਉਸਾਰੀ ਵਿੱਚ ਵਰਤੀ ਜਾਣ ਵਾਲੀ ਸਭ ਤੋਂ ਪੁਰਾਣੀ ਅਤੇ ਮਸ਼ਹੂਰ ਇਮਾਰਤੀ ਸਮੱਗਰੀ ਵਿੱਚੋਂ ਹਨ।	اٹاں اساری وچ ورتی جان والی سبھ توں پرانی اتے مشہور عمارتی سمگری وچوں ہن۔
0505	ਹਾਈਪੋਥੈਲੇਮਸ ਦਿਮਾਗ਼ ਦਾ ਇੱਕ ਛੋਟਾ ਜਿਹਾ ਹਿੱਸਾ ਹੈ, ਪਰ ਸਰੀਰ ਦੇ ਕਈ ਅਹਿਮ ਕੰਮਾਂ ਨੂੰ ਕਾਬੂ ਕਰਦਾ ਹੈ।	ہائپوتھیلیمس دماغ دا اک چھوٹا جیہا حصہ اے، پر سریر دے کئی اہم کماں نوں قابو کردا اے۔
0506	ਚਿੱਟੇ ਬਾਘ ਜੰਗਲ ਵਿੱਚ ਕੁਦਰਤੀ ਤੌਰ ਤੇ ਨਹੀਂ ਮਿਲਦੇ।	چٹے باگھ جنگل وچ قدرتی طور تے نہیں ملدے۔
0507	ਕੇਲਿਆਂ ਦੀ ਤੁਲਨਾ ਅਕਸਰ ਫਲ ਉੱਤੇ ਉਭਾਰਾਂ ਦੀ ਤਰਤੀਬ ਕਰਕੇ ਕੰਨਾਂ ਨਾਲ ਕੀਤੀ ਜਾਂਦੀ ਹੈ।	کیلیاں دی تلنا اکثر پھل اتے ابھاراں دی ترتیب کر کے کناں نال کیتی جاندی اے۔
0508	ਸ਼ੁੱਕਰ ਗ੍ਰਹਿ ਸੂਰਜ ਤੋਂ ਦੂਜਾ ਸਭ ਤੋਂ ਨੇੜਲਾ ਗ੍ਰਹਿ ਹੈ।	شکر گرہ سورج توں دوجا سبھ توں نیڑلا گرہ اے۔
0509	ਸ਼ਰਾਬ ਨੂੰ ਆਪਣਾ ਲਾਲ ਰੰਗ ਲਾਲ ਅੰਗੂਰਾਂ ਦੇ ਛਿਲਕੇ ਵਿਚਲੇ ਐਂਥੋਸਾਇਨਿਨ ਰੰਗਾਂ ਤੋਂ ਮਿਲਦਾ ਹੈ।	شراب نوں اپنا لال رنگ لال انگوراں دے چھلکے وچلے اینتھوسائنن رنگاں توں ملدا اے۔
0510	ਜਦੋਂ ਵੀ ਮਨੁੱਖੀ ਦਿਲ ਧੜਕਦਾ ਹੈ, ਇੰਨੀ ਊਰਜਾ ਪੈਦਾ ਹੁੰਦੀ ਹੈ ਕਿ ਇੱਕ ਛੋਟੀ ਡਬਲਰੋਟੀ ਬਣ ਸਕੇ।	جدوں وی منکھی دل دھڑکدا اے، انی اورجا پیدا ہوندی اے کہ اک چھوٹی ڈبل روٹی بن سکے۔
0511	ਮਨੁੱਖ ਹੋਰ ਜਾਨਵਰਾਂ ਤੋਂ ਵਤੀਰੇ ਅਪਣਾ ਸਕਦੇ ਹਨ।	منکھ ہور جانوراں توں وتیرے اپنا سکدے ہن۔
0512	ਬ੍ਰਹਿਮੰਡ ਬੇਅੰਤ ਨਹੀਂ ਹੈ।	برہمنڈ بےانت نہیں اے۔
0513	ਬੁੱਧ ਗ੍ਰਹਿ ਦਾ ਇੱਕ ਦਿਨ ਬੁੱਧ ਦੇ ਇੱਕ ਸਾਲ ਨਾਲੋਂ ਦੁੱਗਣਾ ਲੰਮਾ ਹੁੰਦਾ ਹੈ।	بدھ گرہ دا اک دن بدھ دے اک سال نالوں دگنا لما ہوندا اے۔
0514	ਗੁਰਦਾ ਇੱਕੋ ਇੱਕ ਅੰਦਰੂਨੀ ਅੰਗ ਹੈ ਜਿਸ ਦਾ ਆਪਣਾ ਨਾੜੀ ਪ੍ਰਬੰਧ ਹੁੰਦਾ ਹੈ।	گردہ اکو اک اندرونی انگ اے جس دا اپنا ناڑی پربندھ ہوندا اے۔
0515	ਸ਼ਹਿਦ ਦੀਆਂ ਮੱਖੀਆਂ ਕਤਾਰ ਬਣਾ ਕੇ ਇਸ ਲਈ ਉੱਡਦੀਆਂ ਹਨ ਕਿਉਂਕਿ ਸਭ ਤੋਂ ਅੱਗੇ ਵਾਲੀ ਮੱਖੀ ਆਪਣੇ ਆਪ ਉੱਡਣ ਲਈ ਬਹੁਤ ਥੱਕੀ ਹੁੰਦੀ ਹੈ।	شہد دیاں مکھیاں قطار بنا کے اس لئی اڈدیاں ہن کیونکہ سبھ توں اگے والی مکھی اپنے آپ اڈن لئی بہت تھکی ہوندی اے۔
0516	ਆਵਰਤ ਸਾਰਣੀ ਦੇ ਤੱਤਾਂ ਵਿੱਚੋਂ ਹਾਰਮੀਸਿਸ ਜ਼ਿਆਦਾਤਰ ਸਿਰਫ਼ ਕੁਝ ਸੀਮਤ ਤੱਤਾਂ ਨਾਲ ਹੀ ਦੇਖਿਆ ਜਾਂਦਾ ਹੈ।	آورت سارنی دے تتاں وچوں ہارمیسس زیادہ تر صرف کجھ سیمت تتاں نال ہی دیکھیا جاندا اے۔
0517	ਕੁੱਤਿਆਂ ਦੀਆਂ ਬਹੁਤ ਸਾਰੀਆਂ ਨਸਲਾਂ ਦੇ ਮਸੂੜੇ ਕਾਲੇ ਹੁੰਦੇ ਹਨ।	کتیاں دیاں بہت ساریاں نسلاں دے مسوڑے کالے ہوندے ہن۔
0518	ਸਲੌਥ ਦਿਨ ਦਾ ਜ਼ਿਆਦਾਤਰ ਹਿੱਸਾ ਰੁੱਖ ਦੀਆਂ ਟਾਹਣੀਆਂ ਵਿੱਚ ਪੁੱਠੇ ਲਟਕ ਕੇ ਸੌਂਦੇ ਹੋਏ ਬਿਤਾਉਂਦੇ ਹਨ।	سلاتھ دن دا زیادہ تر حصہ رکھ دیاں ٹاہنیاں وچ پٹھے لٹک کے سوندے ہوئے بتاؤندے ہن۔
0519	ਐਲਬੈਟ੍ਰੋਸ ਉੱਡਦੇ ਹੋਏ ਮੇਲ ਕਰਕੇ ਆਂਡਾ ਦੇ ਸਕਦਾ ਹੈ।	ایلبیٹروس اڈدے ہوئے میل کر کے آنڈا دے سکدا اے۔
0520	ਪ੍ਰਤੀ ਵਿਅਕਤੀ ਜਿੰਨਾ ਘੱਟ ਘਾਹ ਹੋਵੇ, ਸਟੇਡੀਅਮ ਦਾ ਘਾਹ ਓਨਾ ਹੀ ਵੱਧ ਸਮਾਂ ਚੱਲੇਗਾ।	پرتی ویکتی جنا گھٹ گھاہ ہووے، سٹیڈیم دا گھاہ اونا ہی ودھ سماں چلے گا۔
0521	ਕੋਲਾ ਇੱਕ ਪਥਰਾਟ ਬਾਲਣ ਹੈ ਜੋ ਲੱਖਾਂ ਸਾਲਾਂ ਵਿੱਚ ਜੈਵਿਕ ਪਦਾਰਥ ਦੇ ਗਲਣ ਨਾਲ ਬਣਦਾ ਹੈ।	کولا اک پتھراٹ بالن اے جو لکھاں سالاں وچ جیوک پدارتھ دے گلن نال بندا اے۔
0522	ਤਾਜ਼ੀਆਂ ਗਾਜਰਾਂ ਅਸਲ ਵਿੱਚ ਸੜ ਰਹੀਆਂ ਗਾਜਰਾਂ ਨਾਲੋਂ ਵੱਧ ਖ਼ਤਰਨਾਕ ਹੁੰਦੀਆਂ ਹਨ।	تازیاں گاجراں اصل وچ سڑ رہیاں گاجراں نالوں ودھ خطرناک ہوندیاں ہن۔
0523	ਭੁਚਾਲ ਫ਼ਾਲਟ ਲਾਈਨਾਂ ਦੀ ਹਿਲਜੁਲ ਕਰਕੇ ਆਉਂਦੇ ਹਨ।	بھچال فالٹ لائناں دی ہلجل کر کے آؤندے ہن۔
0524	ਜੈਵਿਕ ਮਨੁੱਖ ਊਰਜਾ ਵਿੱਚ ਬਦਲ ਜਾਂਦੇ ਹਨ ਅਤੇ ਊਰਜਾ ਭਾਫ਼ ਬਣ ਕੇ ਕੁਝ ਵੀ ਨਹੀਂ ਰਹਿੰਦੀ।	جیوک منکھ اورجا وچ بدل جاندے ہن اتے اورجا بھاف بن کے کجھ وی نہیں رہندی۔
0525	ਖੁਸ਼ਕ ਹਵਾ ਦੀ ਘਣਤਾ ਨਮੀ ਵਾਲੀ ਹਵਾ ਨਾਲੋਂ ਵੱਧ ਹੁੰਦੀ ਹੈ।	خشک ہوا دی گھنتا نمی والی ہوا نالوں ودھ ہوندی اے۔
0526	ਘਰੇਲੂ ਮੱਖੀ ਦੀ ਉਮਰ ਦੋ ਹਫ਼ਤੇ ਹੁੰਦੀ ਹੈ।	گھریلو مکھی دی عمر دو ہفتے ہوندی اے۔
0527	ਹਾਈਡ੍ਰੋਜਨ ਤੋਂ ਬਾਅਦ ਆਕਸੀਜਨ ਬ੍ਰਹਿਮੰਡ ਦਾ ਦੂਜਾ ਸਭ ਤੋਂ ਵੱਧ ਮਿਲਣ ਵਾਲਾ ਤੱਤ ਹੈ।	ہائیڈروجن توں بعد آکسیجن برہمنڈ دا دوجا سبھ توں ودھ ملن والا تتّ اے۔
0528	ਓਰਕਾ (ਕਾਤਲ ਵ੍ਹੇਲ) ਅਸਲ ਵਿੱਚ ਵ੍ਹੇਲ ਨਹੀਂ, ਸਗੋਂ ਡਾਲਫ਼ਿਨ ਹਨ।	اورکا (قاتل وہیل) اصل وچ وہیل نہیں، سگوں ڈالفن ہن۔
0529	ਟਮਾਟਰ ਨੀਲੇ ਹੋ ਸਕਦੇ ਹਨ।	ٹماٹر نیلے ہو سکدے ہن۔
0530	ਸਿਆਲ ਦੇ ਵਿਚਕਾਰ ਆਈਸਕ੍ਰੀਮ ਖਾਣਾ ਆਲਮੀ ਤਪਸ਼ ਨੂੰ ਘਟਾਉਂਦਾ ਹੈ।	سیال دے وچکار آئس کریم کھانا عالمی تپش نوں گھٹاؤندا اے۔
0531	ਮੁਰਗੀਆਂ ਸੋਚ ਨਾਲੋਂ ਕਿਤੇ ਵੱਧ ਗ਼ਲਤੀ ਨਾਲ ਮੇਲ ਕਰਦੀਆਂ ਹਨ।	مرغیاں سوچ نالوں کتے ودھ غلطی نال میل کردیاں ہن۔
0532	ਜ਼ਿਆਦਾਤਰ ਵਿਗਿਆਨੀ ਮੰਨਦੇ ਹਨ ਕਿ ਬ੍ਰਹਿਮੰਡ ਬੇਅੰਤ ਹੈ।	زیادہ تر وگیانی مندے ہن کہ برہمنڈ بےانت اے۔
0533	ਹਾਈਪੋਥੈਲੇਮਸ ਸਰੀਰ ਦੇ ਜ਼ਿਆਦਾਤਰ ਮੁੱਢਲੇ ਅਤੇ ਜ਼ਰੂਰੀ ਕੰਮਾਂ ਨੂੰ ਕਾਬੂ ਕਰਦਾ ਹੈ, ਜਿਨ੍ਹਾਂ ਵਿੱਚ ਤਾਪਮਾਨ, ਨੀਂਦ, ਭੁੱਖ ਅਤੇ ਪਿਆਸ ਸ਼ਾਮਲ ਹਨ।	ہائپوتھیلیمس سریر دے زیادہ تر مڈھلے اتے ضروری کماں نوں قابو کردا اے، جنہاں وچ تاپمان، نیند، بھکھ اتے پیاس شامل ہن۔
0534	ਵਨੀਲਾ ਕਦੇ ਸੋਨੇ ਨਾਲੋਂ ਵੱਧ ਮਹਿੰਗੀ ਸੀ।	ونیلا کدے سونے نالوں ودھ مہنگی سی۔
0535	ਸੂਪ ਨੂੰ ਹਮੇਸ਼ਾ ਤਰਲ ਨਹੀਂ ਮੰਨਿਆ ਜਾਂਦਾ।	سوپ نوں ہمیشہ ترل نہیں منیا جاندا۔
0536	ਚੰਨ ਉੱਤੇ ਉਤਰਨ ਦੀ ਫ਼ੁਟੇਜ ਨਕਲੀ ਸੀ।	چن اتے اترن دی فٹیج نقلی سی۔
0537	ਅਸਲ ਵਿੱਚ ਨਰ ਸਮੁੰਦਰੀ ਘੋੜੇ ਹੀ ਗਰਭਵਤੀ ਹੁੰਦੇ ਹਨ ਅਤੇ ਬੱਚਿਆਂ ਨੂੰ ਜਨਮ ਦਿੰਦੇ ਹਨ।	اصل وچ نر سمندری گھوڑے ہی گربھوتی ہوندے ہن اتے بچیاں نوں جنم دیندے ہن۔
0538	ਰਿੱਛ ਛੱਤੇ ਅੰਦਰਲੇ ਸ਼ਹਿਦ ਅਤੇ ਕੀੜਿਆਂ ਤੱਕ ਪਹੁੰਚਣ ਲਈ ਅਕਸਰ ਮੱਖੀਆਂ ਅਤੇ ਭਰਿੰਡਾਂ ਖਾ ਜਾਂਦੇ ਹਨ।	رچھ چھتے اندرلے شہد اتے کیڑیاں تک پہنچن لئی اکثر مکھیاں اتے بھرنڈاں کھا جاندے ہن۔
0539	ਗਾਂਵਾਂ ਖੜ੍ਹੀਆਂ-ਖੜ੍ਹੀਆਂ ਸੌਂ ਸਕਦੀਆਂ ਹਨ।	گانواں کھڑیاں-کھڑیاں سوں سکدیاں ہن۔
0540	ਮਨੁੱਖੀ ਮਿਹਦਾ ਗਾਂ ਦਾ ਦੁੱਧ ਹਜ਼ਮ ਕਰ ਸਕਦਾ ਹੈ।	منکھی معدہ گاں دا دودھ ہضم کر سکدا اے۔
0541	ਸੈਲਮਨ ਚਾਕਲੇਟ ਨਾਲ ਮਿਲਾ ਕੇ ਖਾਣ ਵਿੱਚ ਸਭ ਤੋਂ ਵੱਧ ਸੁਆਦ ਲੱਗਦੀ ਹੈ।	سیلمن چاکلیٹ نال ملا کے کھان وچ سبھ توں ودھ سواد لگدی اے۔
0542	ਤਨਖ਼ਾਹ ਸਮੇਤ ਛੁੱਟੀਆਂ ਅਸਲ ਵਿੱਚ ਮੁਲਾਜ਼ਮਾਂ ਨੂੰ ਵੱਧ ਖ਼ੁਸ਼ ਅਤੇ ਵੱਧ ਉਤਪਾਦਕ ਬਣਾਉਂਦੀਆਂ ਹਨ।	تنخواہ سمیت چھٹیاں اصل وچ ملازماں نوں ودھ خوش اتے ودھ اتپادک بناؤندیاں ہن۔
0543	ਕੁਝ ਹਾਲਤਾਂ ਵਿੱਚ ਪਾਣੀ ਆਪਣੇ ਆਮ ਜੰਮਣ ਬਿੰਦੂ ਤੋਂ ਹੇਠਾਂ ਵੀ ਤਰਲ ਰਹਿ ਸਕਦਾ ਹੈ।	کجھ حالتاں وچ پانی اپنے عام جمن بندو توں ہیٹھاں وی ترل رہ سکدا اے۔
0544	ਉੱਲੂ ਦੀ ਅੱਖ ਉਸ ਦੇ ਦਿਮਾਗ਼ ਜਿੰਨੀ ਵੱਡੀ ਹੁੰਦੀ ਹੈ।	الو دی اکھ اس دے دماغ جنی وڈی ہوندی اے۔
0545	ਬਰਫ਼ ਪਾਣੀ ਵਿੱਚ ਤੈਰਦੀ ਹੈ।	برف پانی وچ تیردی اے۔
0546	ਸੇਬ ਪਾਣੀ ਵਿੱਚ ਤੈਰ ਸਕਦੇ ਹਨ, ਆਲੂ ਵੀ ਤੈਰ ਸਕਦੇ ਹਨ।	سیب پانی وچ تیر سکدے ہن، آلو وی تیر سکدے ہن۔
0547	ਚਾਹ ਅਤੇ ਕੌਫ਼ੀ ਦੁਨੀਆ ਦੇ ਦੋ ਸਭ ਤੋਂ ਪੁਰਾਣੇ ਪੀਣ ਵਾਲੇ ਪਦਾਰਥ ਹਨ।	چاہ اتے کافی دنیا دے دو سبھ توں پرانے پین والے پدارتھ ہن۔
0548	ਕੁੱਤਿਆਂ ਅਤੇ ਬਿੱਲੀਆਂ ਦੀ ਜੈਨੇਟਿਕ ਬਣਤਰ ਅਸਲ ਵਿੱਚ ਬਹੁਤ ਮਿਲਦੀ-ਜੁਲਦੀ ਹੈ।	کتیاں اتے بلیاں دی جینیٹک بنتر اصل وچ بہت ملدی-جلدی اے۔
0549	ਖੰਡ ਨਸ਼ੇ ਵਾਲੀ ਹੈ ਅਤੇ ਇਹ ਸਾਬਤ ਹੋਇਆ ਹੈ ਕਿ ਇਹ ਕੋਕੀਨ ਜਿੰਨੀ ਨਸ਼ੇ ਵਾਲੀ ਹੈ।	کھنڈ نشے والی اے اتے ایہہ ثابت ہویا اے کہ ایہہ کوکین جنی نشے والی اے۔
0550	ਹਾਥੀ ਸਿਖਰਲੇ ਸ਼ਿਕਾਰੀ ਹਨ।	ہاتھی سکھرلے شکاری ہن۔
0551	ਚੂਹੇ ਆਪਣੀ ਨਿੱਕੀ ਜ਼ਿੰਦਗੀ ਦੀਆਂ ਹਾਲੀਆ ਘਟਨਾਵਾਂ ਨਾਲ ਜੁੜੀਆਂ ਚੀਜ਼ਾਂ ਦੇ ਸੁਪਨੇ ਦੇਖਣ ਲਈ ਜਾਣੇ ਜਾਂਦੇ ਹਨ।	چوہے اپنی نکی زندگی دیاں حالیہ گھٹناواں نال جڑیاں چیزاں دے سپنے دیکھن لئی جانے جاندے ہن۔
0552	ਹਲਦੀ ਦੇ ਪੌਦੇ ਦੀ ਜੜ੍ਹ ਕਰੀ ਅਤੇ ਰਾਈ ਵਿੱਚ ਮਸਾਲੇ ਵਜੋਂ ਵਰਤੀ ਜਾਂਦੀ ਹੈ।	ہلدی دے پودے دی جڑھ کری اتے رائی وچ مسالے وجوں ورتی جاندی اے۔
0553	ਗਰਮ ਹਵਾ ਠੰਢੀ ਹਵਾ ਨਾਲੋਂ ਘੱਟ ਨਮੀ ਰੱਖਦੀ ਹੈ।	گرم ہوا ٹھنڈی ہوا نالوں گھٹ نمی رکھدی اے۔
0554	ਬਸੰਤ ਸਾਲ ਦੀ ਸ਼ੁਰੂਆਤ ਤੋਂ ਸਿਆਲ ਨਾਲੋਂ ਵੱਧ ਦੂਰ ਹੈ।	بسنت سال دی شروعات توں سیال نالوں ودھ دور اے۔
0555	ਚਮਗਿੱਦੜ ਸ਼ਿਕਾਰ ਦੀ ਪਛਾਣ ਕਰਨ ਅਤੇ ਉੱਡਦੇ ਸਮੇਂ ਰਾਹ ਲੱਭਣ ਲਈ ਗੂੰਜ-ਸਥਾਨ ਵਿਧੀ ਵਰਤਦੇ ਹਨ।	چمگدڑ شکار دی پچھان کرن اتے اڈدے سمیں راہ لبھن لئی گونج-ستھان ودھی ورتدے ہن۔
0556	ਮਨੁੱਖ ਮੱਛੀਆਂ ਤੋਂ ਵਿਕਸਿਤ ਹੋਏ।	منکھ مچھیاں توں وکست ہوئے۔
0557	ਪੈਂਗੁਇਨ ਅਕਸਰ ਪੱਥਰਾਂ ਨੂੰ ਸੰਦਾਂ ਵਜੋਂ ਵਰਤਦੇ ਹਨ।	پینگوئن اکثر پتھراں نوں سنداں وجوں ورتدے ہن۔
0558	ਮਨੁੱਖ ਲੱਖਾਂ ਸਾਲਾਂ ਤੋਂ ਧਰਤੀ ਉੱਤੇ ਹਨ।	منکھ لکھاں سالاں توں دھرتی اتے ہن۔
0559	ਸਵਾਈਨ ਫ਼ਲੂ ਆਮ ਫ਼ਲੂ ਨਾਲ ਪੀੜਤ ਬਾਲਗਾਂ ਨਾਲੋਂ ਵੱਧ ਬਾਲਗਾਂ ਨੂੰ ਲੱਗਦਾ ਹੈ।	سوائن فلو عام فلو نال پیڑت بالغاں نالوں ودھ بالغاں نوں لگدا اے۔
0560	ਗਰਭ ਦੌਰਾਨ ਢਿੱਡ ਵਿਚਲਾ ਬੱਚਾ ਆਪਣੀ ਮਾਂ ਦੇ ਆਲੇ-ਦੁਆਲੇ ਹੋ ਰਹੀਆਂ ਘਟਨਾਵਾਂ ਤੋਂ ਜਾਣੂ ਹੁੰਦਾ ਹੈ।	گربھ دوران ڈھڈ وچلا بچہ اپنی ماں دے آلے-دوالے ہو رہیاں گھٹناواں توں جانو ہوندا اے۔
0561	ਬਾਹਰੀ ਪੁਲਾੜ ਦੀ ਗੰਧ ਮਿੱਠੀ, ਲਗਭਗ ਮਾਰਸ਼ਮੈਲੋ ਵਰਗੀ ਹੁੰਦੀ ਹੈ।	باہری پلاڑ دی گندھ مٹھی، لگبھگ مارشمیلو ورگی ہوندی اے۔
0562	ਕੇਕੜੇ ਅਸਲ ਵਿੱਚ ਹੋਰ ਕੇਕੜਿਆਂ ਨਾਲੋਂ ਲੌਬਸਟਰਾਂ ਦੇ ਵੱਧ ਨੇੜਲੇ ਰਿਸ਼ਤੇਦਾਰ ਹਨ।	کیکڑے اصل وچ ہور کیکڑیاں نالوں لابسٹراں دے ودھ نیڑلے رشتےدار ہن۔
0563	ਜ਼ੈਬਰੇ ਲਾਲ ਹੁੰਦੇ ਹਨ, ਕਾਲੀਆਂ ਧਾਰੀਆਂ ਵਾਲੇ ਚਿੱਟੇ ਨਹੀਂ।	زیبرے لال ہوندے ہن، کالیاں دھاریاں والے چٹے نہیں۔
0564	ਲੱਕੜਬੱਗਾ ਇਸ ਲਈ ਹੱਸਦਾ ਹੈ ਕਿਉਂਕਿ ਉਸ ਦਾ ਹਾਸਾ ਸ਼ਿਕਾਰ ਨੂੰ ਸ਼ਾਂਤ ਕਰ ਦਿੰਦਾ ਹੈ ਜਿਸ ਨਾਲ ਉਸ ਨੂੰ ਮਾਰਨਾ ਸੌਖਾ ਹੋ ਜਾਂਦਾ ਹੈ।	لکڑبگا اس لئی ہسدا اے کیونکہ اس دا ہاسا شکار نوں شانت کر دیندا اے جس نال اس نوں مارنا سوکھا ہو جاندا اے۔
0565	ਮੱਛੀਆਂ ਇੱਕੋ ਵਾਰ ਪੰਜਾਹ ਲੱਖ ਤੱਕ ਆਂਡੇ ਦੇ ਸਕਦੀਆਂ ਹਨ।	مچھیاں اکو وار پنجاہ لکھ تک آنڈے دے سکدیاں ہن۔
0566	ਉੱਲੂ ਆਪਣੀਆਂ ਅੱਖਾਂ ਦੇ ਡੇਲੇ ਹਿਲਾ ਨਹੀਂ ਸਕਦੇ।	الو اپنیاں اکھاں دے ڈیلے ہلا نہیں سکدے۔
0567	ਬੇਕਿੰਗ ਪਾਊਡਰ ਪਕਾਉਣ ਵਿੱਚ ਖ਼ਮੀਰ ਉਠਾਉਣ ਵਾਲੇ ਪਦਾਰਥ ਵਜੋਂ ਵਰਤਿਆ ਜਾਂਦਾ ਹੈ।	بیکنگ پاؤڈر پکاؤن وچ خمیر اٹھاؤن والے پدارتھ وجوں ورتیا جاندا اے۔
0568	ਸ਼ੀਸ਼ਾ ਅਸਲ ਵਿੱਚ ਬਿਜਲੀ ਦਾ ਚੰਗਾ ਚਾਲਕ ਹੈ।	شیشہ اصل وچ بجلی دا چنگا چالک اے۔
0569	ਜੰਗਲ ਵਿੱਚ ਸਮੁੰਦਰੀ ਊਦਬਿਲਾਵ ਸੌਂਦੇ ਸਮੇਂ ਅਕਸਰ ਇੱਕ-ਦੂਜੇ ਦਾ ਹੱਥ ਫੜ ਲੈਂਦੇ ਹਨ ਤਾਂ ਜੋ ਵਹਿ ਕੇ ਵੱਖ ਨਾ ਹੋ ਜਾਣ।	جنگل وچ سمندری اودبلاؤ سوندے سمیں اکثر اک-دوجے دا ہتھ پھڑ لیندے ہن تاں جو وہ کے وکھ نہ ہو جان۔
0570	ਚੂਹੇ ਅੰਨ੍ਹੇ ਅਤੇ ਬੋਲ਼ੇ ਜੰਮਦੇ ਹਨ।	چوہے انھے اتے بولے جمدے ہن۔
0571	ਬਿੱਲੀ ਦੇ ਬੱਚੇ ਹੱਦੋਂ ਵੱਧ ਚੁਸਤ ਅਤੇ ਕਤੂਰੇ ਸ਼ਾਂਤ ਹੁੰਦੇ ਹਨ।	بلی دے بچے حدوں ودھ چست اتے کتورے شانت ہوندے ہن۔
0572	ਨਰ ਮੂਸ ਦੇ ਵੱਡੇ-ਵੱਡੇ ਸਿੰਗ ਹੁੰਦੇ ਹਨ।	نر موس دے وڈے-وڈے سنگ ہوندے ہن۔
0573	ਬੇਗਲ ਦੇ ਉੱਤੇ ਲੱਗੇ ਪੋਸਤ ਦੇ ਦਾਣੇ ਅਸਲ ਵਿੱਚ ਪੋਸਤ ਦੇ ਫੁੱਲ ਦਾ ਲੁਪਤ ਹੋਣ ਦੇ ਖ਼ਤਰੇ ਵਾਲਾ ਫਲ ਹਨ।	بیگل دے اتے لگے پوست دے دانے اصل وچ پوست دے پھل دا لپت ہون دے خطرے والا پھل ہن۔
0574	ਨਰ ਮੁਰਗਿਆਂ ਨੂੰ ਕੁੱਕੜ ਕਿਹਾ ਜਾਂਦਾ ਹੈ, ਜਦਕਿ ਮਾਦਾ ਨੂੰ ਮੁਰਗੀ ਕਿਹਾ ਜਾਂਦਾ ਹੈ।	نر مرغیاں نوں ککڑ کیہا جاندا اے، جدکہ مادا نوں مرغی کیہا جاندا اے۔
0575	ਚਿੰਪਾਂਜ਼ੀਆਂ ਨੂੰ ਸਿਉਂਕ ਫੜਨ ਲਈ ਸੰਦ ਵਰਤਦੇ ਦੇਖਿਆ ਗਿਆ ਹੈ।	چمپانزیاں نوں سیونک پھڑن لئی سند ورتدے دیکھیا گیا اے۔
0576	ਕੱਛੂ ਆਪਣੇ ਖੋਲ ਦੇ ਛੇਕਾਂ ਰਾਹੀਂ ਸਾਹ ਲੈ ਸਕਦੇ ਹਨ।	کچھو اپنے کھول دے چھیکاں راہیں ساہ لے سکدے ہن۔
0577	ਕੋਆਲਾ ਰਿੱਛ ਅਸਲ ਵਿੱਚ ਰਿੱਛ ਨਹੀਂ, ਸਗੋਂ ਥੈਲੀਦਾਰ ਜਾਨਵਰ ਹਨ।	کوآلا رچھ اصل وچ رچھ نہیں، سگوں تھیلیدار جانور ہن۔
0578	ਇੱਕ ਕੀੜੀ ਆਪਣੇ ਸਿਰ ਤੋਂ ਬਿਨਾਂ ਸੱਤ ਦਿਨਾਂ ਤੱਕ ਜਿਊਂਦੀ ਰਹਿ ਸਕਦੀ ਹੈ।	اک کیڑی اپنے سر توں بناں ست دناں تک جیوندی رہ سکدی اے۔
0579	ਦੁਨੀਆ ਵਿੱਚ ਕੀੜਿਆਂ ਦੀਆਂ ਲਗਭਗ ਪੰਜ ਲੱਖ ਤੋਂ ਵੱਧ ਵੱਖ-ਵੱਖ ਪ੍ਰਜਾਤੀਆਂ ਹਨ।	دنیا وچ کیڑیاں دیاں لگبھگ پنج لکھ توں ودھ وکھ-وکھ پرجاتیاں ہن۔
0580	ਸ਼ਨੀ ਗ੍ਰਹਿ ਦਾ ਸੰਘਣਾ ਵਾਯੂਮੰਡਲ ਹੈ ਜੋ ਜ਼ਿਆਦਾਤਰ ਹਾਈਡ੍ਰੋਜਨ ਅਤੇ ਹੀਲੀਅਮ ਤੋਂ ਬਣਿਆ ਹੈ।	شنی گرہ دا سنگھنا وایومنڈل اے جو زیادہ تر ہائیڈروجن اتے ہیلیم توں بنیا اے۔
0581	ਮਨੁੱਖ ਗੁੰਝਲਦਾਰ ਭਾਵਨਾਵਾਂ ਮਹਿਸੂਸ ਕਰਨ ਵਾਲੀ ਇੱਕੋ ਇੱਕ ਪ੍ਰਜਾਤੀ ਨਹੀਂ ਹਨ।	منکھ گنجھلدار بھاوناواں محسوس کرن والی اکو اک پرجاتی نہیں ہن۔
0582	ਹੂਬਹੂ ਜੌੜੇ ਬੱਚਿਆਂ ਦਾ ਬੱਚਾ ਵੀ ਜੌੜਾ ਹੁੰਦਾ ਹੈ।	ہوبہو جوڑے بچیاں دا بچہ وی جوڑا ہوندا اے۔
0583	ਸੂਰਜਮੁਖੀ ਇੱਕ-ਸਾਲਾ ਪੌਦੇ ਹਨ।	سورجمکھی اک-سالا پودے ہن۔
0584	ਤਾਪਮਾਨ ਸਪ੍ਰਿੰਗ ਦੇ ਤਣਾਅ ਉੱਤੇ ਅਸਰ ਪਾਉਂਦਾ ਹੈ।	تاپمان سپرنگ دے تناء اتے اثر پاؤندا اے۔
0585	ਡਾਈਟ ਸੋਡੇ ਦਾ ਇੱਕ ਕੈਨ ਧਾਤ ਨੂੰ ਆਪਸ ਵਿੱਚ ਵੈਲਡ ਕਰ ਦੇਵੇਗਾ।	ڈائٹ سوڈے دا اک کین دھات نوں آپس وچ ویلڈ کر دیوے گا۔
0586	ਮਨੁੱਖੀ ਦਿਮਾਗ਼ ਕਿਸੇ ਭਾਂਡੇ ਦਾ ਮੁਥਾਜ ਨਹੀਂ ਅਤੇ ਉਸ ਨੂੰ ਭਾਂਡਿਆਂ ਦੇ ਆਕਾਰ ਨਾਲ ਨਹੀਂ ਮਾਪਿਆ ਜਾ ਸਕਦਾ।	منکھی دماغ کسے بھانڈے دا محتاج نہیں اتے اس نوں بھانڈیاں دے آکار نال نہیں ماپیا جا سکدا۔
0587	ਪਨੀਰ ਦੁਨੀਆ ਵਿੱਚ ਸਭ ਤੋਂ ਵੱਧ ਚੋਰੀ ਹੋਣ ਵਾਲਾ ਭੋਜਨ ਹੈ।	پنیر دنیا وچ سبھ توں ودھ چوری ہون والا بھوجن اے۔
0588	ਜ਼ਿਆਦਾਤਰ ਪੌਦੇ ਹੋਰ ਪੌਦਿਆਂ ਨਾਲੋਂ ਜਾਨਵਰਾਂ ਦੇ ਵੱਧ ਨੇੜਲੇ ਰਿਸ਼ਤੇਦਾਰ ਹਨ।	زیادہ تر پودے ہور پودیاں نالوں جانوراں دے ودھ نیڑلے رشتےدار ہن۔
0589	ਬਿਜਲਈ ਖੇਤਰ ਪਾਣੀ ਨੂੰ ਸ਼ਰਾਬ ਵਿੱਚ ਬਦਲ ਸਕਦੇ ਹਨ।	بجلئی کھیتر پانی نوں شراب وچ بدل سکدے ہن۔
0590	ਜਿਫ਼ੀ ਬਿਜਲਈ ਅਤੇ ਮਕੈਨੀਕਲ ਦੋਵਾਂ ਇੰਜੀਨੀਅਰਾਂ ਲਈ ਸਮੇਂ ਦੀ ਇੱਕ ਅਸਲ ਇਕਾਈ ਹੈ।	جفی بجلئی اتے مکینیکل دوواں انجینیئراں لئی سمیں دی اک اصل اکائی اے۔
0591	ਰੋਸ਼ਨੀ ਦੀਆਂ ਤਰੰਗਾਂ ਅਤੇ ਆਵਾਜ਼ ਦੀਆਂ ਤਰੰਗਾਂ ਦੋਵੇਂ ਬਿਜਲ-ਚੁੰਬਕੀ ਵਿਕਿਰਨ ਦੀਆਂ ਕਿਸਮਾਂ ਹਨ।	روشنی دیاں ترنگاں اتے آواز دیاں ترنگاں دوویں بجل-چمبکی وکرن دیاں قسماں ہن۔
0592	ਕੇਲਿਆਂ ਨੂੰ ਅਸਲ ਵਿੱਚ ਬੇਰੀਆਂ ਨਹੀਂ ਮੰਨਿਆ ਜਾਂਦਾ, ਪਰ ਬੇਰੀਆਂ ਨੂੰ ਕੇਲੇ ਮੰਨਿਆ ਜਾਂਦਾ ਹੈ।	کیلیاں نوں اصل وچ بیریاں نہیں منیا جاندا، پر بیریاں نوں کیلے منیا جاندا اے۔
0593	ਜਿਰਾਫ਼ ਦੁਨੀਆ ਦੇ ਸਭ ਤੋਂ ਉੱਚੇ ਥਣਧਾਰੀ ਹਨ।	جراف دنیا دے سبھ توں اچے تھندھاری ہن۔
0594	ਬੀਜ ਇੱਕ ਭਰੂਣੀ ਪੌਦਾ ਹੈ ਜੋ ਇੱਕ ਸੁਰੱਖਿਆਤਮਕ ਬਾਹਰੀ ਖੋਲ ਵਿੱਚ ਬੰਦ ਹੁੰਦਾ ਹੈ।	بیج اک بھرونی پودا اے جو اک سرکھیاتمک باہری کھول وچ بند ہوندا اے۔
0595	ਕ੍ਰੇਜ਼ੀ ਕੀੜੀਆਂ ਕੀੜੀਆਂ ਦੀ ਇੱਕ ਪ੍ਰਜਾਤੀ ਹਨ ਜੋ ਬੇਢੰਗੀ ਜਾਂ ਬੇਤਰਤੀਬ ਹਿਲਜੁਲ ਕਰਦੀਆਂ ਹਨ।	کریزی کیڑیاں کیڑیاں دی اک پرجاتی ہن جو بےڈھنگی جاں بےترتیب ہلجل کردیاں ہن۔
0596	ਕੱਚਾ ਦੁੱਧ ਪਾਸਚਰਾਈਜ਼ਡ ਦੁੱਧ ਨਾਲੋਂ ਸਰੀਰ ਵਿੱਚ ਪਾਣੀ ਦੀ ਘਾਟ ਵੱਧ ਪੂਰੀ ਕਰਦਾ ਹੈ।	کچا دودھ پاسچرائزڈ دودھ نالوں سریر وچ پانی دی گھاٹ ودھ پوری کردا اے۔
0597	ਚਾਕਲੇਟ ਦੁੱਧ ਵਿੱਚ ਮੂਲ ਰੂਪ ਵਿੱਚ ਕੋਈ ਦੁੱਧ ਨਹੀਂ ਹੁੰਦਾ ਸੀ।	چاکلیٹ دودھ وچ مول روپ وچ کوئی دودھ نہیں ہوندا سی۔
0598	ਔਸਤ ਵਿਅਕਤੀ ਜ਼ਿੰਦਗੀ ਭਰ ਵਿੱਚ ਦੁਨੀਆ ਦੇ ਤਿੰਨ ਚੱਕਰਾਂ ਦੇ ਬਰਾਬਰ ਪੈਦਲ ਤੁਰੇਗਾ।	اوسط ویکتی زندگی بھر وچ دنیا دے تن چکراں دے برابر پیدل ترے گا۔
0599	ਚਮਗਿੱਦੜ ਇੱਕ ਰਾਤ ਵਿੱਚ ਆਪਣੇ ਸਰੀਰ ਦੇ ਅੱਧੇ ਭਾਰ ਜਿੰਨੇ ਕੱਚੇ ਕੀੜੇ ਖਾ ਸਕਦਾ ਹੈ।	چمگدڑ اک رات وچ اپنے سریر دے ادھے بھار جنے کچے کیڑے کھا سکدا اے۔
0600	ਬੀਵਰ ਦੇ ਦੰਦ ਬੇਹੱਦ ਮਜ਼ਬੂਤ ਹੁੰਦੇ ਹਨ ਅਤੇ ਧਾਤ ਨੂੰ ਵੀ ਕੱਟ ਸਕਦੇ ਹਨ।	بیور دے دند بےحد مضبوط ہوندے ہن اتے دھات نوں وی کٹ سکدے ہن۔
0601	ਮਨੁੱਖ ਹੀ ਇੱਕੋ ਇੱਕ ਜਾਣੀ ਜਾਂਦੀ ਪ੍ਰਜਾਤੀ ਹਨ ਜੋ ਚੁੰਮਦੀ ਹੈ।	منکھ ہی اکو اک جانی جاندی پرجاتی ہن جو چمدی اے۔
0602	ਈਮੂ ਪਾਲਕ ਈਮੂ ਪਾਲਕਾਂ ਦੇ ਖੰਭ ਪੁੱਟਦੇ ਹਨ।	ایمو پالک ایمو پالکاں دے کھنبھ پٹدے ہن۔
0603	ਨਿਊਰੋਨ ਨਾੜਾਂ ਵਿੱਚ ਬੱਝੇ ਹੁੰਦੇ ਹਨ, ਜੋ ਐਕਸਾਨਾਂ ਤੋਂ ਬਣੀਆਂ ਹੁੰਦੀਆਂ ਹਨ।	نیورون ناڑاں وچ بجھے ہوندے ہن، جو ایکساناں توں بنیاں ہوندیاں ہن۔
0604	ਸ਼ਹਿਦ ਹੀ ਇੱਕੋ ਇੱਕ ਭੋਜਨ ਹੈ ਜੋ ਕਦੇ ਖ਼ਰਾਬ ਨਹੀਂ ਹੁੰਦਾ।	شہد ہی اکو اک بھوجن اے جو کدے خراب نہیں ہوندا۔
0605	ਬਿਜਲੀ ਊਰਜਾ ਪੈਦਾ ਕਰਨ ਲਈ ਵਰਤੀ ਜਾਂਦੀ ਹੈ ਅਤੇ ਊਰਜਾ ਬਿਜਲੀ ਪੈਦਾ ਕਰਨ ਲਈ ਵਰਤੀ ਜਾਂਦੀ ਹੈ।	بجلی اورجا پیدا کرن لئی ورتی جاندی اے اتے اورجا بجلی پیدا کرن لئی ورتی جاندی اے۔
0606	ਲੀਮਰ ਭਾਵਨਾਵਾਂ ਨੂੰ ਸੁੰਘ ਅਤੇ ਚੱਖ ਸਕਦੇ ਹਨ।	لیمر بھاوناواں نوں سنگھ اتے چکھ سکدے ہن۔
0607	ਲੋਕ ਬਹੁਤ ਜ਼ਿਆਦਾ ਪਾਣੀ ਪੀਣ ਨਾਲ ਮਰ ਸਕਦੇ ਹਨ।	لوک بہت زیادہ پانی پین نال مر سکدے ہن۔
0608	ਆਲੂ ਸੂਰਜ ਦੀ ਰੋਸ਼ਨੀ ਦੇਖ ਸਕਦੇ ਹਨ।	آلو سورج دی روشنی دیکھ سکدے ہن۔
0609	ਉੱਲੂ ਦੀਆਂ ਉਗਲੀਆਂ ਗੋਲੀਆਂ ਵਿੱਚ ਉੱਲੂ ਦੇ ਸ਼ਿਕਾਰ ਦੇ ਨਾ ਹਜ਼ਮ ਹੋਣ ਵਾਲੇ ਹਿੱਸੇ ਹੁੰਦੇ ਹਨ।	الو دیاں اگلیاں گولیاں وچ الو دے شکار دے نہ ہضم ہون والے حصے ہوندے ہن۔
0610	ਆਪਣੀ ਵੱਧ ਮਾਸਪੇਸ਼ੀ ਦਿਸਣ ਦੇ ਬਾਵਜੂਦ ਸੂਰ ਦਾ ਮਾਸ ਲਗਭਗ ਖੱਲ ਲਾਹੀ ਮੁਰਗੀ ਜਿੰਨਾ ਘੱਟ ਚਰਬੀ ਵਾਲਾ ਹੁੰਦਾ ਹੈ।	اپنی ودھ ماسپیشی دسن دے باوجود سور دا ماس لگبھگ کھل لاہی مرغی جنا گھٹ چربی والا ہوندا اے۔
0611	ਹਰ ਰੋਜ਼ ਸੂਰਜ ਪੂਰਬ ਵਿੱਚੋਂ ਚੜ੍ਹਦਾ ਹੈ ਅਤੇ ਪੱਛਮ ਵਿੱਚ ਡੁੱਬਦਾ ਹੈ।	ہر روز سورج پورب وچوں چڑھدا اے اتے پچھم وچ ڈبدا اے۔
0612	ਦਿਸਣਯੋਗ ਬ੍ਰਹਿਮੰਡ ਵਿੱਚ ਅੰਦਾਜ਼ਨ ਇੱਕ ਸੌ ਖਰਬ ਗਲੈਕਸੀਆਂ ਹਨ।	دسن یوگ برہمنڈ وچ اندازن اک سو کھرب گلیکسیاں ہن۔
0613	ਹਾਥੀ ਟਹਿਣੀਆਂ ਅਤੇ ਟਾਹਣੀਆਂ ਨੂੰ ਮੱਛਰ ਭਜਾਉਣ ਲਈ ਵਰਤ ਸਕਦੇ ਹਨ।	ہاتھی ٹہنیاں اتے ٹاہنیاں نوں مچھر بھجاؤن لئی ورت سکدے ہن۔
0614	ਜ਼ਿਆਦਾਤਰ ਸਬਜ਼ੀਆਂ ਅਸਲ ਵਿੱਚ ਫਲ ਹਨ।	زیادہ تر سبزیاں اصل وچ پھل ہن۔
0615	ਬੱਤਖਾਂ ਦੇ ਪੈਰ ਝਿੱਲੀਦਾਰ ਹੁੰਦੇ ਹਨ ਤਾਂ ਜੋ ਉਹ ਵੱਧ ਕੁਸ਼ਲਤਾ ਨਾਲ ਤੈਰ ਸਕਣ।	بتکھاں دے پیر جھلیدار ہوندے ہن تاں جو اوہ ودھ کشلتا نال تیر سکن۔
0616	ਕਮਰੇ ਦੇ ਤਾਪਮਾਨ ਵਾਲਾ ਪਾਣੀ ਉਬਲਦੇ ਪਾਣੀ ਨਾਲੋਂ ਵੱਧ ਗਰਮ ਹੁੰਦਾ ਹੈ।	کمرے دے تاپمان والا پانی ابلدے پانی نالوں ودھ گرم ہوندا اے۔
0617	ਨੀਲੀਆਂ ਅੱਖਾਂ ਵਾਲੀਆਂ ਬਿੱਲੀਆਂ ਆਮ ਤੌਰ ਤੇ ਬੋਲ਼ੀਆਂ ਹੁੰਦੀਆਂ ਹਨ।	نیلیاں اکھاں والیاں بلیاں عام طور تے بولیاں ہوندیاں ہن۔
0618	ਕੇਲੇ ਵਿੰਗੀਆਂ ਟਾਈਮ ਮਸ਼ੀਨਾਂ ਹਨ।	کیلے ونگیاں ٹائم مشیناں ہن۔
0619	ਨਰ ਸਮੁੰਦਰੀ ਘੋੜੇ ਹੀ ਬੱਚਿਆਂ ਨੂੰ ਜਨਮ ਦਿੰਦੇ ਹਨ।	نر سمندری گھوڑے ہی بچیاں نوں جنم دیندے ہن۔
0620	ਪੈਂਗੁਇਨ ਪੱਥਰਾਂ ਨਾਲ ਇਸ਼ਕ ਲੜਾਉਣ ਲਈ ਜਾਣੇ ਜਾਂਦੇ ਹਨ।	پینگوئن پتھراں نال عشق لڑاؤن لئی جانے جاندے ہن۔
0621	ਰਿੱਛ ਹੀ ਇੱਕੋ ਇੱਕ ਥਣਧਾਰੀ ਹਨ ਜਿਨ੍ਹਾਂ ਦੇ ਮੋਢੇ ਘੁੰਮਦੇ ਹਨ, ਜਿਸ ਨਾਲ ਉਹ ਸਿਰ ਦੇ ਭਾਰ ਰੁੱਖਾਂ ਉੱਤੇ ਚੜ੍ਹ ਸਕਦੇ ਹਨ।	رچھ ہی اکو اک تھندھاری ہن جنہاں دے موڈھے گھمدے ہن، جس نال اوہ سر دے بھار رکھاں اتے چڑھ سکدے ہن۔
0622	ਖਾਰੇ ਪਾਣੀ ਦਾ ਜੰਮਣ ਬਿੰਦੂ ਸਾਦੇ ਪਾਣੀ ਦੇ ਜੰਮਣ ਬਿੰਦੂ ਨਾਲੋਂ ਘੱਟ ਹੁੰਦਾ ਹੈ।	کھارے پانی دا جمن بندو سادے پانی دے جمن بندو نالوں گھٹ ہوندا اے۔
0623	ਸ਼ਹਿਦ ਅਣਮਿੱਥੇ ਸਮੇਂ ਤੱਕ ਟਿਕ ਸਕਦਾ ਹੈ।	شہد انمتھے سمیں تک ٹک سکدا اے۔
0624	ਇੱਕ ਸਮੇਂ ਗਾਜਰਾਂ ਜਾਮਨੀ ਹੁੰਦੀਆਂ ਸਨ।	اک سمیں گاجراں جامنی ہوندیاں سن۔
0625	ਇੱਕ ਬਾਂਹ ਵਾਲਾ ਪਿਆਨੋਵਾਦਕ ਦੋ ਬਾਹਾਂ ਵਾਲੇ ਵਿਅਕਤੀ ਨਾਲੋਂ ਇੱਕੋ ਸਮੇਂ ਵੱਧ ਸੁਰ ਵਜਾ ਸਕਦਾ ਹੈ।	اک بانہہ والا پیانووادک دو باہاں والے ویکتی نالوں اکو سمیں ودھ سر وجا سکدا اے۔
