0751	پلاسٹک تقریباً ہر دوسری چیز سے زیادہ ری سائیکل ہوتا ہے۔	प्लास्टिक तक़रीबन हर दूसरी चीज़ से ज़्यादा री-साइकल होता है।	Plastic taqreeban har doosri cheez se zyada recycle hota hai.
0752	شیر سارا سال افزائش نسل کرتے ہیں۔	शेर सारा साल अफ़्ज़ाइश-ए-नस्ल करते हैं।	Sher saara saal afzaish-e-nasl karte hain.
0753	بچے گھٹنے کی چپنی کے بغیر پیدا ہوتے ہیں۔	बच्चे घुटने की चपनी के बग़ैर पैदा होते हैं।	Bachche ghutne ki chapni ke baghair paida hote hain.
0754	شارک دراصل مچھلیاں نہیں ہیں، بلکہ کرکری ہڈی والی مچھلی کی ایک قسم ہیں۔	शार्क दरअसल मछलियाँ नहीं हैं, बल्कि कुरकुरी हड्डी वाली मछली की एक क़िस्म हैं।	Shark darasal machhliyan nahin hain, balke kurkuri haddi wali machhli ki ek qism hain.
0755	پینگوئن پانی سے تین فٹ تک اونچا اچھل سکتے ہیں۔	पेंगुइन पानी से तीन फ़ुट तक ऊँचा उछल सकते हैं।	Penguin paani se teen foot tak ooncha uchhal sakte hain.
0756	پینگوئن پرندوں کی ایک نوع ہیں۔	पेंगुइन परिंदों की एक नौ हैं।	Penguin parindon ki ek nau hain.
0757	ہیرا زمین کا سب سے سخت معدن ہے۔	हीरा ज़मीन का सबसे सख़्त मादिन है।	Heera zameen ka sab se sakht maadin hai.
0758	خلا میں خلاباز کشش ثقل نہ ہونے کی وجہ سے ڈکار نہیں لے سکتے۔	ख़ला में ख़लाबाज़ कशिश-ए-सिक़्ल न होने की वजह से डकार नहीं ले सकते।	Khala mein khalabaz kashish-e-siql na hone ki wajah se dakaar nahin le sakte.
0759	سلوتھ ماہر تیراک ہیں اور اکثر تیر کر ایک درخت سے دوسرے درخت تک جاتے ہیں۔	स्लॉथ माहिर तैराक हैं और अक्सर तैर कर एक दरख़्त से दूसरे दरख़्त तक जाते हैं।	Sloth maahir tairaak hain aur aksar tair kar ek darakht se doosre darakht tak jate hain.
0760	کھبے لوگ سجے لوگوں کی نسبت سر کے اوپر سے چیزیں پھینکنے میں بہتر ہوتے ہیں۔	खब्बे लोग सज्जे लोगों की निस्बत सर के ऊपर से चीज़ें फेंकने में बेहतर होते हैं।	Khabbe log sajje logon ki nisbat sar ke oopar se cheezein phenkne mein behtar hote hain.
0761	اورنگوٹان دنیا کے سب سے بڑے درختوں پر رہنے والے جانور ہیں۔	ओरंगउटान दुनिया के सबसे बड़े दरख़्तों पर रहने वाले जानवर हैं।	Orangutan duniya ke sab se bare darakhton par rehne wale janwar hain.
0762	کچھ کتوں کی زبان نیلی ہوتی ہے۔	कुछ कुत्तों की ज़बान नीली होती है।	Kuch kutton ki zaban neeli hoti hai.
0763	بادام گری دار میوے نہیں ہیں۔	बादाम गिरीदार मेवे नहीं हैं।	Badaam giridar mewe nahin hain.
0764	ایک چھچھوندر ایک ہی رات میں پہاڑ کے آر پار سرنگ کھود سکتا ہے۔	एक छछूँदर एक ही रात में पहाड़ के आर-पार सुरंग खोद सकता है।	Ek chhachhoondar ek hi raat mein pahar ke aar paar surang khod sakta hai.
0765	کچھ بے جبڑا مچھلیاں سر کٹ جانے پر بالکل نیا سر دوبارہ اگا سکتی ہیں۔	कुछ बेजबड़ा मछलियाँ सर कट जाने पर बिल्कुल नया सर दोबारा उगा सकती हैं।	Kuch be-jabra machhliyan sar kat jane par bilkul naya sar dobara uga sakti hain.
0766	ڈولفن دنیا کے ذہین ترین جانوروں میں سے ہیں اور انسانوں کے ساتھ بہت دوستانہ ہونے کے لیے جانی جاتی ہیں۔	डॉल्फ़िन दुनिया के ज़हीनतरीन जानवरों में से हैं और इंसानों के साथ बहुत दोस्ताना होने के लिए जानी जाती हैं।	Dolphin duniya ke zaheen-tareen janwaron mein se hain aur insanon ke saath bohat dostana hone ke liye jaani jati hain.
0767	جب سورج سر کے اوپر ہوتا ہے تو آخرکار درجہ حرارت ٹھنڈا ہو جاتا ہے۔	जब सूरज सर के ऊपर होता है तो आख़िरकार दर्जा-ए-हरारत ठंडा हो जाता है।	Jab suraj sar ke oopar hota hai to aakhirkar darja-e-hararat thanda ho jata hai.
0768	انناس روایتی طور پر خشک، ریتلی مٹی میں اگائے جاتے ہیں۔	अनन्नास रिवायती तौर पर ख़ुश्क, रेतली मिट्टी में उगाए जाते हैं।	Ananas riwayati taur par khushk, retli mitti mein ugaye jate hain.
0769	انسان اور چوہے تاریخی دشمن ہیں، لیکن چوہے دراصل نقصان سے زیادہ فائدہ پہنچاتے ہیں۔	इंसान और चूहे तारीख़ी दुश्मन हैं, लेकिन चूहे दरअसल नुक़सान से ज़्यादा फ़ायदा पहुँचाते हैं।	Insaan aur choohe tareekhi dushman hain, lekin choohe darasal nuqsaan se zyada faida pohanchate hain.
0770	قاتل وہیل دراصل ڈولفن کی ایک نوع ہیں۔	क़ातिल व्हेल दरअसल डॉल्फ़िन की एक नौ हैं।	Qaatil whale darasal dolphin ki ek nau hain.
0771	چیتا گاڑی سے تیز دوڑ سکتا ہے۔	चीता गाड़ी से तेज़ दौड़ सकता है।	Cheeta gari se tez daur sakta hai.
0772	اود بلاؤ سوتے وقت ایک دوسرے کا ہاتھ پکڑ لیتے تھے تاکہ بہہ کر الگ نہ ہو جائیں۔	ऊदबिलाव सोते वक़्त एक दूसरे का हाथ पकड़ लेते थे ताकि बह कर अलग न हो जाएँ।	Ood-bilao sote waqt ek doosre ka haath pakar lete the taake beh kar alag na ho jayein.
0773	مادہ سور دودھ پلاتے وقت اکثر اپنے بچوں کو گانا سناتی ہیں۔	मादा सूअर दूध पिलाते वक़्त अक्सर अपने बच्चों को गाना सुनाती हैं।	Mada soor doodh pilate waqt aksar apne bachchon ko gaana sunati hain.
0774	نر اونٹوں کے تین کوہان تک ہوتے ہیں، جبکہ مادہ کا عام طور پر صرف ایک ہوتا ہے۔	नर ऊँटों के तीन कोहान तक होते हैं, जबकि मादा का आम तौर पर सिर्फ़ एक होता है।	Nar oonton ke teen kohaan tak hote hain, jabke mada ka aam taur par sirf ek hota hai.
0775	مکڑیوں کی کچھ انواع کئی گھنٹے پانی میں ڈوبے رہنے کے باوجود زندہ رہ سکتی ہیں۔	मकड़ियों की कुछ अनवा कई घंटे पानी में डूबे रहने के बावजूद ज़िंदा रह सकती हैं।	Makriyon ki kuch anwa kai ghante paani mein doobe rehne ke bawajood zinda reh sakti hain.
0776	لابسٹر بوڑھے نہیں ہوتے اور بڑھاپے سے نہیں مرتے۔	लॉबस्टर बूढ़े नहीं होते और बुढ़ापे से नहीं मरते।	Lobster boorhe nahin hote aur burhape se nahin marte.
0777	اساتذہ کو جگائے رکھنے میں سیب کافی سے زیادہ مؤثر ہیں۔	असातिज़ा को जगाए रखने में सेब कॉफ़ी से ज़्यादा मुअस्सिर हैं।	Asatiza ko jagaye rakhne mein saib coffee se zyada muassir hain.
0778	نیلا سمندر کا رنگ ہے۔	नीला समंदर का रंग है।	Neela samandar ka rang hai.
0779	گلہریاں سردیوں میں محفوظ رکھنے کے لیے گری دار میوے جمع کرتی ہیں۔	गिलहरियाँ सर्दियों में महफ़ूज़ रखने के लिए गिरीदार मेवे जमा करती हैं।	Gilehriyan sardiyon mein mehfooz rakhne ke liye giridar mewe jama karti hain.
0780	جب ہوا کا دباؤ بڑھتا ہے تو پہاڑوں کی چوٹیوں کی بلندی دراصل کم ہو جاتی ہے۔	जब हवा का दबाव बढ़ता है तो पहाड़ों की चोटियों की बुलंदी दरअसल कम हो जाती है।	Jab hawa ka dabao barhta hai to paharon ki chotiyon ki bulandi darasal kam ho jati hai.
0781	خلا میں زمین کے تمام ساحلوں کی ریت کے ذروں سے زیادہ ستارے ہیں۔	ख़ला में ज़मीन के तमाम साहिलों की रेत के ज़र्रों से ज़्यादा सितारे हैं।	Khala mein zameen ke tamaam saahilon ki ret ke zarron se zyada sitare hain.
0782	لیمر بندر نہیں ہیں۔	लीमर बंदर नहीं हैं।	Lemur bandar nahin hain.
0783	اگرچہ سورج گول ہے، زمین دراصل چپٹی ہے۔	अगरचे सूरज गोल है, ज़मीन दरअसल चपटी है।	Agarche suraj gol hai, zameen darasal chapti hai.
0784	سرخ ہائپر جائنٹ اب تک معلوم سب سے بڑے اور سب سے روشن ستاروں میں سے ہیں۔	सुर्ख़ हाइपरजायंट अब तक मालूम सबसे बड़े और सबसे रौशन सितारों में से हैं।	Surkh hypergiant ab tak maloom sab se bare aur sab se roshan sitaron mein se hain.
0785	تمام پانی ایک جیسا نہیں ہوتا۔	तमाम पानी एक जैसा नहीं होता।	Tamaam paani ek jaisa nahin hota.
0786	سوڈا دراصل کچھ لوگوں میں پانی سے زیادہ مؤثر طریقے سے پانی کی کمی پوری کرتا ہے۔	सोडा दरअसल कुछ लोगों में पानी से ज़्यादा मुअस्सिर तरीक़े से पानी की कमी पूरी करता है।	Soda darasal kuch logon mein paani se zyada muassir tareeqe se paani ki kami poori karta hai.
0787	مختلف پھلیوں کے غذائی اجزا جسم میں زہریلے مادوں کے اخراج کے مختلف راستوں کی مدد کرتے ہیں۔	मुख़्तलिफ़ फलियों के ग़िज़ाई अज्ज़ा जिस्म में ज़हरीले माद्दों के इख़राज के मुख़्तलिफ़ रास्तों की मदद करते हैं।	Mukhtalif phaliyon ke ghizai ajza jism mein zehreele maddon ke ikhraaj ke mukhtalif raaston ki madad karte hain.
0788	ہارس شو کیکڑے ڈائنوسارز سے پہلے کے زمانے سے اب تک زیادہ نہیں بدلے۔	हॉर्सशू केकड़े डायनासोर्स से पहले के ज़माने से अब तक ज़्यादा नहीं बदले।	Horseshoe kekre dinosaurs se pehle ke zamane se ab tak zyada nahin badle.
0789	ہنی بیجر نسبتاً سیدھے سادے اور بے ضرر جانور ہیں۔	हनी बैजर निस्बतन सीधे-सादे और बेज़रर जानवर हैं।	Honey badger nisbatan seedhe saade aur bezarar janwar hain.
0790	مرجانی پولپ ننھے، نرم جسم والے جانور ہیں جو دنیا بھر کے سمندری پانیوں میں پائے جاتے ہیں۔	मरजानी पॉलिप नन्हे, नर्म जिस्म वाले जानवर हैं जो दुनिया भर के समंदरी पानियों में पाए जाते हैं।	Marjani polyp nanhe, narm jism wale janwar hain jo duniya bhar ke samandari paaniyon mein paye jate hain.
0791	نیند کی کمی فریب نظر کا سبب بن سکتی ہے۔	नींद की कमी फ़रेब-ए-नज़र का सबब बन सकती है।	Neend ki kami fareb-e-nazar ka sabab ban sakti hai.
0792	بروکولی صابن کے بلبلوں کے محلول میں بکھر جاتی ہے۔	ब्रोकली साबुन के बुलबुलों के महलूल में बिखर जाती है।	Broccoli sabun ke bulbulon ke mehlool mein bikhar jati hai.
0793	زمین کے تمام ممالیہ میں ہاتھیوں کی یادداشت سب سے لمبی ہوتی ہے۔	ज़मीन के तमाम मुमालिया में हाथियों की याददाश्त सबसे लंबी होती है।	Zameen ke tamaam mumaliya mein haathiyon ki yaaddasht sab se lambi hoti hai.
0794	شیشہ ٹھوس ہے، لیکن مچھلیاں اس میں سے آسانی سے تیر کر گزر جاتی ہیں۔	शीशा ठोस है, लेकिन मछलियाँ उसमें से आसानी से तैर कर गुज़र जाती हैं।	Sheesha thos hai, lekin machhliyan us mein se asani se tair kar guzar jati hain.
0795	ڈینڈیلائن دراصل پھول ہی نہیں بلکہ جنگلی گھاس پھوس کی ایک قسم ہیں۔	डैंडेलायन दरअसल फूल ही नहीं बल्कि जंगली घास-फूस की एक क़िस्म हैं।	Dandelion darasal phool hi nahin balke jangli ghaas phoos ki ek qism hain.
0796	تقریباً ہر چیز کا جواب کیلے ہیں۔	तक़रीबन हर चीज़ का जवाब केले हैं।	Taqreeban har cheez ka jawab kele hain.
0797	گھوڑے لیٹ کر بھی سو سکتے ہیں اور کھڑے ہو کر بھی۔	घोड़े लेट कर भी सो सकते हैं और खड़े हो कर भी।	Ghore let kar bhi so sakte hain aur khare ho kar bhi.
0798	سانپوں کی پلکیں نہیں ہوتیں۔	साँपों की पलकें नहीं होतीं।	Saanpon ki palkein nahin hoteen.
0799	آسمانی بجلی کبھی ایک ہی جگہ دو بار نہیں گرتی۔	आसमानी बिजली कभी एक ही जगह दो बार नहीं गिरती।	Aasmani bijli kabhi ek hi jagah do baar nahin girti.
0800	سورج کی روشنی برقناطیسی طیف کا حصہ ہے، بالکل ریڈار کی لہروں اور ایکس ریز کی طرح۔	सूरज की रौशनी बर्क़-मिक़्नातीसी तैफ़ का हिस्सा है, बिल्कुल रडार की लहरों और एक्स-रेज़ की तरह।	Suraj ki roshni barq-miqnateesi taif ka hissa hai, bilkul radar ki lehron aur x-rays ki tarah.
0801	قطبی ریچھ کے بال سفید نہیں ہوتے۔	क़ुत्बी रीछ के बाल सफ़ेद नहीं होते।	Qutbi reechh ke baal safaid nahin hote.
0802	رات کے دوران انسان کا بلڈ پریشر کم ہو جاتا ہے اور جسم کو آرام کا موقع ملتا ہے۔	रात के दौरान इंसान का ब्लड प्रेशर कम हो जाता है और जिस्म को आराम का मौक़ा मिलता है।	Raat ke dauran insaan ka blood pressure kam ho jata hai aur jism ko aaraam ka mauqa milta hai.
0803	زلزلے ہر روز پوری دنیا میں آتے ہیں۔	ज़लज़ले हर रोज़ पूरी दुनिया में आते हैं।	Zalzale har roz poori duniya mein aate hain.
0804	زمین بالکل گول نہیں ہے۔	ज़मीन बिल्कुल गोल नहीं है।	Zameen bilkul gol nahin hai.
0805	کائنات میں زمین پر ریت کے ذروں سے زیادہ کہکشائیں ہیں۔	कायनात में ज़मीन पर रेत के ज़र्रों से ज़्यादा कहकशाएँ हैं।	Kainaat mein zameen par ret ke zarron se zyada kehkashayein hain.
0806	زیادہ تر لوگ سمجھتے ہیں کہ کیلے درختوں پر اگتے ہیں، لیکن کیلوں کو دراصل جڑی بوٹیوں میں شمار کیا جاتا ہے۔	ज़्यादातर लोग समझते हैं कि केले दरख़्तों पर उगते हैं, लेकिन केलों को दरअसल जड़ी-बूटियों में शुमार किया जाता है।	Zyadatar log samajhte hain ke kele darakhton par ugte hain, lekin kelon ko darasal jari bootiyon mein shumaar kiya jata hai.
0807	شیر اکثر بھیڑیوں کے غولوں میں شامل ہو جاتے ہیں اور عام طور پر سردار نر کا مقام لے لیتے ہیں۔	शेर अक्सर भेड़ियों के ग़ोलों में शामिल हो जाते हैं और आम तौर पर सरदार नर का मक़ाम ले लेते हैं।	Sher aksar bheriyon ke ghaulon mein shamil ho jate hain aur aam taur par sardaar nar ka maqaam le lete hain.
0808	چوہے اور دوسرے چھوٹے جانور کھانے کی تلاش میں سوتے ہوئے شخص کے بالوں میں ٹٹول سکتے ہیں۔	चूहे और दूसरे छोटे जानवर खाने की तलाश में सोते हुए शख़्स के बालों में टटोल सकते हैं।	Choohe aur doosre chhote janwar khane ki talaash mein sote hue shakhs ke baalon mein tatol sakte hain.
0809	ڈولفن اور لاما قریبی رشتہ قائم کرتے ہیں اور ایک دوسرے سے مضبوط جذباتی تعلق بناتے ہیں۔	डॉल्फ़िन और लामा क़रीबी रिश्ता क़ायम करते हैं और एक दूसरे से मज़बूत जज़्बाती ताल्लुक़ बनाते हैं।	Dolphin aur llama qareebi rishta qaim karte hain aur ek doosre se mazboot jazbati taalluq banate hain.
0810	کوالا کے بچوں کو جوئی کہا جاتا ہے۔	कोआला के बच्चों को जोई कहा जाता है।	Koala ke bachchon ko joey kaha jata hai.
0811	قطبی ریچھوں کے جسم پر تمام سفید بالوں کے نیچے کالی جلد ہوتی ہے۔	क़ुत्बी रीछों के जिस्म पर तमाम सफ़ेद बालों के नीचे काली जिल्द होती है।	Qutbi reechhon ke jism par tamaam safaid baalon ke neeche kaali jild hoti hai.
0812	واٹر بیئر آٹھ سال سے زیادہ پانی کے بغیر زندہ رہ سکتا ہے۔	वॉटर बियर आठ साल से ज़्यादा पानी के बग़ैर ज़िंदा रह सकता है।	Water bear aath saal se zyada paani ke baghair zinda reh sakta hai.
0813	چمگادڑ الٹی لٹک کر سوتی ہیں۔	चमगादड़ उल्टी लटक कर सोती हैं।	Chamgadar ulti latak kar soti hain.
0814	لمبی عمر جسم کے بڑے سائز سے مطابقت رکھتی ہے۔	लंबी उम्र जिस्म के बड़े साइज़ से मुताबिक़त रखती है।	Lambi umar jism ke bare size se mutabiqat rakhti hai.
0815	بطخوں کی ہر آنکھ پر چار پلکیں ہوتی ہیں، جبکہ زیادہ تر ممالیہ میں عام طور پر دو ہوتی ہیں۔	बत्तख़ों की हर आँख पर चार पलकें होती हैं, जबकि ज़्यादातर मुमालिया में आम तौर पर दो होती हैं।	Batkhon ki har aankh par chaar palkein hoti hain, jabke zyadatar mumaliya mein aam taur par do hoti hain.
0816	کائنات لامحدود ہے۔	कायनात लामहदूद है।	Kainaat la-mehdood hai.
0817	مینٹس جھینگے دنیا کے سب سے رنگین جانوروں میں سے ہیں۔	मैंटिस झींगे दुनिया के सबसे रंगीन जानवरों में से हैं।	Mantis jheenge duniya ke sab se rangeen janwaron mein se hain.
0818	کیڑوں کی تعداد انسانوں سے دس لاکھ گنا سے بھی زیادہ ہے۔	कीड़ों की तादाद इंसानों से दस लाख गुना से भी ज़्यादा है।	Keeron ki tadaad insanon se das laakh guna se bhi zyada hai.
0819	ہنسوں کے گروہ کو گیگل کہا جاتا ہے۔	हंसों के गिरोह को गैगल कहा जाता है।	Hanson ke giroh ko gaggle kaha jata hai.
0820	انسان زمین کے وجود کے صرف ایک ننھے سے حصے میں زمین پر رہے ہیں۔	इंसान ज़मीन के वुजूद के सिर्फ़ एक नन्हे से हिस्से में ज़मीन पर रहे हैं।	Insaan zameen ke wujood ke sirf ek nanhe se hisse mein zameen par rahe hain.
0821	اوسط شخص ہر روز دنیا کے تین چکروں کے برابر پیدل چلتا ہے۔	औसत शख़्स हर रोज़ दुनिया के तीन चक्करों के बराबर पैदल चलता है।	Ausat shakhs har roz duniya ke teen chakkaron ke barabar paidal chalta hai.
0822	واٹر بیئر میں خلا کے شدید حالات برداشت کرنے کی صلاحیت ہوتی ہے۔	वॉटर बियर में ख़ला के शदीद हालात बर्दाश्त करने की सलाहियत होती है।	Water bear mein khala ke shadeed haalaat bardasht karne ki salahiyat hoti hai.
0823	تحقیق سے پتہ چلتا ہے کہ مینڈکوں کو چھونا انسانوں کو دوسرے انسانوں کے لیے زیادہ پرکشش بنا سکتا ہے۔	तहक़ीक़ से पता चलता है कि मेंढकों को छूना इंसानों को दूसरे इंसानों के लिए ज़्यादा पुरकशिश बना सकता है।	Tehqeeq se pata chalta hai ke mendakon ko chhoona insanon ko doosre insanon ke liye zyada purkashish bana sakta hai.
0824	کشمش خشک انگور ہوتی ہے۔	किशमिश ख़ुश्क अंगूर होती है।	Kishmish khushk angoor hoti hai.
0825	ارتقائی لحاظ سے لیمر بندروں اور بن مانسوں کے سب سے قریب ہیں۔	इर्तिक़ाई लिहाज़ से लीमर बंदरों और बनमानसों के सबसे क़रीब हैं।	Irtiqai lihaaz se lemur bandaron aur ban-maanson ke sab se qareeb hain.
0826	لمبائی کی پیمائش کا بین الاقوامی نظام میٹرک نظام ہے۔	लंबाई की पैमाइश का बैनुलअक़वामी निज़ाम मीट्रिक निज़ाम है।	Lambai ki paimaish ka bain-ul-aqwami nizaam metric nizaam hai.
0827	ہر بار جب بادل گرجتا ہے، ہاتھی دانت کی تلاش میں شکاری ایک اور جنگلی ہاتھی مار دیتے ہیں۔	हर बार जब बादल गरजता है, हाथीदाँत की तलाश में शिकारी एक और जंगली हाथी मार देते हैं।	Har baar jab baadal garajta hai, haathi-daant ki talaash mein shikari ek aur jangli haathi maar dete hain.
0828	جنگلی کتے زندگی بھر کے لیے جوڑا بناتے ہیں۔	जंगली कुत्ते ज़िंदगी भर के लिए जोड़ा बनाते हैं।	Jangli kutte zindagi bhar ke liye jora banate hain.
0829	خچر نر گدھوں اور مادہ گھوڑوں کے بانجھ دوغلے ہوتے ہیں۔	ख़च्चर नर गधों और मादा घोड़ों के बाँझ दोग़ले होते हैं।	Khachchar nar gadhon aur mada ghoron ke baanjh doghle hote hain.
0830	مچھلی کے گلپھڑے پانی سے آکسیجن جذب کرنے کے لیے استعمال ہوتے ہیں تاکہ مچھلی سانس لے سکے۔	मछली के गलफड़े पानी से ऑक्सीजन जज़्ब करने के लिए इस्तेमाल होते हैं ताकि मछली साँस ले सके।	Machhli ke galphare paani se oxygen jazb karne ke liye istemal hote hain taake machhli saans le sake.
0831	نر سمندری گھوڑے ہی سمندری گھوڑے کے بچوں کو جنم دیتے ہیں۔	नर समंदरी घोड़े ही समंदरी घोड़े के बच्चों को जन्म देते हैं।	Nar samandari ghore hi samandari ghore ke bachchon ko janam dete hain.
0832	مرغیاں پانچ سال تک زندہ رہ سکتی ہیں۔	मुर्ग़ियाँ पाँच साल तक ज़िंदा रह सकती हैं।	Murghiyan paanch saal tak zinda reh sakti hain.
0833	لیموں سے واقعی کاغذ کے ٹکڑے کو آگ لگائی جا سکتی ہے۔	लीमूँ से वाक़ई काग़ज़ के टुकड़े को आग लगाई जा सकती है।	Lemon se waqai kaghaz ke tukre ko aag lagai ja sakti hai.
0834	آبی جانوروں کے سانس لینے کے دو اہم ذرائع ہیں: جلد کے ذریعے اور گلپھڑوں کے ذریعے۔	आबी जानवरों के साँस लेने के दो अहम ज़राए हैं: जिल्द के ज़रिये और गलफड़ों के ज़रिये।	Aabi janwaron ke saans lene ke do aham zaraye hain: jild ke zariye aur galpharon ke zariye.
0835	برفانی طوفان کئی دن جاری رہ سکتے ہیں اور پانچ فٹ سے زیادہ برف گرا سکتے ہیں۔	बर्फ़ानी तूफ़ान कई दिन जारी रह सकते हैं और पाँच फ़ुट से ज़्यादा बर्फ़ गिरा सकते हैं।	Barfani toofan kai din jaari reh sakte hain aur paanch foot se zyada barf gira sakte hain.
0836	سائنس دان پہلے سمجھتے تھے کہ کائنات زمین کے گرد گھومتی ہے۔	साइंसदान पहले समझते थे कि कायनात ज़मीन के गिर्द घूमती है।	Scientists pehle samajhte the ke kainaat zameen ke gird ghoomti hai.
0837	جب بھی کوئی بچہ پیدا ہوتا ہے، ایک نیا انسان پیدا ہوتا ہے۔	जब भी कोई बच्चा पैदा होता है, एक नया इंसान पैदा होता है।	Jab bhi koi bachcha paida hota hai, ek naya insaan paida hota hai.
0838	ایک پاؤنڈ ٹڈوں میں ایک پاؤنڈ گائے کے گوشت سے زیادہ پروٹین ہوتی ہے۔	एक पाउंड टिड्डों में एक पाउंड गाय के गोश्त से ज़्यादा प्रोटीन होती है।	Ek pound tiddon mein ek pound gaye ke gosht se zyada protein hoti hai.
0839	سورج مکھی دن کے وقت قدرتی طور پر آسمان پر سورج کی روشنی کے پیچھے مڑتے ہیں۔	सूरजमुखी दिन के वक़्त क़ुदरती तौर पर आसमान पर सूरज की रौशनी के पीछे मुड़ते हैं।	Surajmukhi din ke waqt qudrati taur par aasmaan par suraj ki roshni ke peeche murte hain.
0840	شیر ان چند جانوروں میں سے ہیں جو زندگی بھر کے لیے جوڑا بناتے ہیں۔	शेर उन चंद जानवरों में से हैं जो ज़िंदगी भर के लिए जोड़ा बनाते हैं।	Sher un chand janwaron mein se hain jo zindagi bhar ke liye jora banate hain.
0841	ریچھوں کا کتوں سے تعلق ریچھ خاندان کے کسی بھی دوسرے رکن سے زیادہ قریبی ہے۔	रीछों का कुत्तों से ताल्लुक़ रीछ ख़ानदान के किसी भी दूसरे रुक्न से ज़्यादा क़रीबी है।	Reechhon ka kutton se taalluq reechh khandan ke kisi bhi doosre rukn se zyada qareebi hai.
0842	گلہریاں سال میں دو بار ملاپ کرتی ہیں اور دو سے آٹھ بچوں کو جنم دے سکتی ہیں۔	गिलहरियाँ साल में दो बार मिलाप करती हैं और दो से आठ बच्चों को जन्म दे सकती हैं।	Gilehriyan saal mein do baar milaap karti hain aur do se aath bachchon ko janam de sakti hain.
0843	بلیوں کے اچانک خود بخود پھٹ جانے کے واقعات معلوم ہیں۔	बिल्लियों के अचानक ख़ुद-ब-ख़ुद फट जाने के वाक़िआत मालूम हैं।	Billiyon ke achanak khud-ba-khud phat jane ke waqiaat maloom hain.
0844	اگرچہ دریائی گھوڑے کا دودھ گلابی ہوتا ہے، اس کا گوشت سرخ ہوتا ہے۔	अगरचे दरियाई घोड़े का दूध गुलाबी होता है, उसका गोश्त सुर्ख़ होता है।	Agarche daryai ghore ka doodh gulabi hota hai, us ka gosht surkh hota hai.
0845	آواز کی لہریں ٹھنڈے پانی میں گرم پانی کی نسبت کافی زیادہ تیزی سے سفر کرتی ہیں۔	आवाज़ की लहरें ठंडे पानी में गर्म पानी की निस्बत काफ़ी ज़्यादा तेज़ी से सफ़र करती हैं।	Awaz ki lehrein thande paani mein garam paani ki nisbat kaafi zyada tezi se safar karti hain.
0846	چوہے جنس سے قطع نظر ملاپ کر سکتے ہیں۔	चूहे जिंस से क़ता-ए-नज़र मिलाप कर सकते हैं।	Choohe jins se qata-e-nazar milaap kar sakte hain.
0847	زرافے کسی مدد کے بغیر اپنے کانوں کے اندر کی صفائی کر سکتے ہیں۔	ज़राफ़े किसी मदद के बग़ैर अपने कानों के अंदर की सफ़ाई कर सकते हैं।	Zarafe kisi madad ke baghair apne kaanon ke andar ki safai kar sakte hain.
0848	اگرچہ ہائیڈروجن سب سے ہلکا عنصر ہے، ہائیڈروجن گیس دراصل نظر نہیں آتی۔	अगरचे हाइड्रोजन सबसे हल्का उंसुर है, हाइड्रोजन गैस दरअसल नज़र नहीं आती।	Agarche hydrogen sab se halka unsur hai, hydrogen gas darasal nazar nahin aati.
0849	لوگ پہلے سمجھتے تھے کہ گاجر کھانے سے رات کو دیکھنے کی صلاحیت بہتر ہوتی ہے۔	लोग पहले समझते थे कि गाजर खाने से रात को देखने की सलाहियत बेहतर होती है।	Log pehle samajhte the ke gaajar khane se raat ko dekhne ki salahiyat behtar hoti hai.
0850	گولی آواز کی رفتار سے زیادہ تیز سفر کرتی ہے۔	गोली आवाज़ की रफ़्तार से ज़्यादा तेज़ सफ़र करती है।	Goli awaz ki raftar se zyada tez safar karti hai.
0851	ٹائیگر شارکوں نے الکاٹراز کو اس کا عرفی نام «دی راک» دیا۔	टाइगर शार्कों ने अल्काट्राज़ को उसका उर्फ़ी नाम «द रॉक» दिया।	Tiger sharkon ne Alcatraz ko us ka urfi naam «the rock» diya.
0852	سمندری کچھوے سوتے ہوئے ہوا میں معلق ہو جاتے ہیں۔	समंदरी कछुए सोते हुए हवा में मुअल्लक़ हो जाते हैं।	Samandari kachhue sote hue hawa mein muallaq ho jate hain.
0853	اگرچہ ایلومینیم بظاہر سخت دھات ہے، ایلومینیم کا کین ہاتھ سے آسانی سے پچکایا جا سکتا ہے۔	अगरचे एल्युमिनियम बज़ाहिर सख़्त धात है, एल्युमिनियम का कैन हाथ से आसानी से पिचकाया जा सकता है।	Agarche aluminium bazahir sakht dhaat hai, aluminium ka can haath se asani se pichkaya ja sakta hai.
0854	بلیوں کی ممیاں اکثر مالک کے مقبرے یا مقبرے کے احاطے میں رکھی جاتی تھیں۔	बिल्लियों की ममियाँ अक्सर मालिक के मक़बरे या मक़बरे के अहाते में रखी जाती थीं।	Billiyon ki mummiyan aksar maalik ke maqbare ya maqbare ke ahaate mein rakhi jati theen.
0855	چیونٹیاں کبھی نہیں سوتیں، اور اسفنج کو بالغ ہونے میں دس لاکھ سال لگتے ہیں۔	चींटियाँ कभी नहीं सोतीं, और इस्फ़ंज को बालिग़ होने में दस लाख साल लगते हैं।	Chiontiyan kabhi nahin soteen, aur isfanj ko baaligh hone mein das laakh saal lagte hain.
0856	چوہوں کی افزائش نسل کی شرح بہت زیادہ ہے۔	चूहों की अफ़्ज़ाइश-ए-नस्ल की शरह बहुत ज़्यादा है।	Choohon ki afzaish-e-nasl ki sharah bohat zyada hai.
0857	کچھ پرندے دوڑ میں چیتے کو پیچھے چھوڑ سکتے ہیں۔	कुछ परिंदे दौड़ में चीते को पीछे छोड़ सकते हैं।	Kuch parinde daur mein cheete ko peeche chhor sakte hain.
0858	مرغیاں بہترین تیراک ہیں اور سمندر میں لمبے فاصلے تک تیرنے کے لیے بھی جانی جاتی ہیں۔	मुर्ग़ियाँ बेहतरीन तैराक हैं और समंदर में लंबे फ़ासले तक तैरने के लिए भी जानी जाती हैं।	Murghiyan behtareen tairaak hain aur samandar mein lambe faasle tak tairne ke liye bhi jaani jati hain.
0859	جیلی فش ڈائنوسارز سے بھی زیادہ عرصے سے زمین پر موجود ہیں۔	जेलीफ़िश डायनासोर्स से भी ज़्यादा अर्से से ज़मीन पर मौजूद हैं।	Jellyfish dinosaurs se bhi zyada arse se zameen par maujood hain.
0860	گھاس پر شبنم صرف تب بنتی ہے جب کم از کم تین دن سے بارش نہ ہوئی ہو۔	घास पर शबनम सिर्फ़ तब बनती है जब कम अज़ कम तीन दिन से बारिश न हुई हो।	Ghaas par shabnam sirf tab banti hai jab kam az kam teen din se baarish na hui ho.
0861	لیموں بیٹریوں سے زیادہ بجلی پیدا کرتے ہیں۔	लीमूँ बैटरियों से ज़्यादा बिजली पैदा करते हैं।	Lemon batteriyon se zyada bijli paida karte hain.
0862	پانڈوں کے گروہ کے لیے اسم جمع «ایمبیرسمنٹ» کہلاتا ہے۔	पांडों के गिरोह के लिए इस्म-ए-जमा «एम्बैरेसमेंट» कहलाता है।	Pandon ke giroh ke liye ism-e-jama «embarrassment» kehlata hai.
0863	شیر اور ٹائیگر دراصل ایک ہی نوع ہیں۔	शेर और टाइगर दरअसल एक ही नौ हैं।	Sher aur tiger darasal ek hi nau hain.
0864	الوؤں کی آنکھوں کے ڈیلے نہیں ہوتے۔	उल्लुओं की आँखों के डेले नहीं होते।	Ulluon ki aankhon ke dele nahin hote.
0865	قطبی ریچھ کی جلد اور بال مکمل طور پر کالے ہوتے ہیں۔	क़ुत्बी रीछ की जिल्द और बाल मुकम्मल तौर पर काले होते हैं।	Qutbi reechh ki jild aur baal mukammal taur par kaale hote hain.
0866	واٹر بیئر ٹھوس جم جانے اور زندہ ابالے جانے کے باوجود زندہ رہ سکتا ہے۔	वॉटर बियर ठोस जम जाने और ज़िंदा उबाले जाने के बावजूद ज़िंदा रह सकता है।	Water bear thos jam jane aur zinda ubaale jane ke bawajood zinda reh sakta hai.
0867	جسامت کے تناسب سے چیونٹیاں زمین کی طاقتور ترین مخلوقات میں سے ہیں۔	जसामत के तनासुब से चींटियाँ ज़मीन की ताक़तवरतरीन मख़लूक़ात में से हैं।	Jasamat ke tanasub se chiontiyan zameen ki taaqatwar-tareen makhlooqat mein se hain.
0868	کسی جاندار کو بنانے کی جینیاتی ہدایات رکھنے والے کیمیائی مرکب کو «ڈی این اے» کہا جاتا ہے۔	किसी जानदार को बनाने की जेनेटिक हिदायात रखने वाले कीमियाई मुरक्कब को «डी-एन-ए» कहा जाता है।	Kisi jaandar ko banane ki jeneti hidayaat rakhne wale kimiyai murakkab ko «DNA» kaha jata hai.
0869	انڈے دراصل صفرا کی نالی بند کر کے جگر سے زہریلے مادے خارج کرتے ہیں۔	अंडे दरअसल सफ़रा की नाली बंद कर के जिगर से ज़हरीले माद्दे ख़ारिज करते हैं।	Ande darasal safra ki naali band kar ke jigar se zehreele madde kharij karte hain.
0870	سیب کسی بھی دوسرے پھل سے زیادہ کثرت سے کھائے جاتے ہیں۔	सेब किसी भी दूसरे फल से ज़्यादा कसरत से खाए जाते हैं।	Saib kisi bhi doosre phal se zyada kasrat se khaye jate hain.
0871	گھر میں بنی وہپڈ کریم کے لیے ونیلا کی پھلیاں چھیلنا شروع میں تھوڑا مشکل ہو سکتا ہے۔	घर में बनी व्हिप्ड क्रीम के लिए वनीला की फलियाँ छीलना शुरू में थोड़ा मुश्किल हो सकता है।	Ghar mein bani whipped cream ke liye vanilla ki phaliyan chheelna shuru mein thora mushkil ho sakta hai.
0872	چاند تقریباً تین سینٹی میٹر سالانہ کی رفتار سے زمین سے دور ہو رہا ہے۔	चाँद तक़रीबन तीन सेंटीमीटर सालाना की रफ़्तार से ज़मीन से दूर हो रहा है।	Chaand taqreeban teen centimeter salana ki raftar se zameen se door ho raha hai.
0873	تانبا واحد دھات ہے جس کا قدرتی رنگ سرخی مائل ہوتا ہے۔	ताँबा वाहिद धात है जिसका क़ुदरती रंग सुर्ख़ी-माइल होता है।	Taanba wahid dhaat hai jis ka qudrati rang surkhi-mail hota hai.
0874	الو اپنی آنکھیں حرکت نہیں دے سکتے۔	उल्लू अपनी आँखें हरकत नहीं दे सकते।	Ullu apni aankhein harkat nahin de sakte.
0875	اسٹرابیری دراصل بیری نہیں ہیں۔	स्ट्रॉबेरी दरअसल बेरी नहीं हैं।	Strawberry darasal berry nahin hain.
